county,state,diversity_index
AleutiansEastBorough,AK,0.673066
AleutiansWestCensusArea,AK,0.671218
AnchorageMunicipality,AK,0.64104
BethelCensusArea,AK,0.572375
BristolBayBorough,AK,0.555075
DenaliBorough,AK,0.47965
DillinghamCensusArea,AK,0.474835
FairbanksNorthStarBorough,AK,0.45099
HainesBorough,AK,0.386012
Hoonah-AngoonCensusArea,AK,0.350192
JuneauandBorough,AK,0.299333
KenaiPeninsulaBorough,AK,0.293764
KetchikanGatewayBorough,AK,0.289088
KodiakIslandBorough,AK,0.280181
LakeandPeninsulaBorough,AK,0.272611
Matanuska-SusitnaBorough,AK,0.218882
NomeCensusArea,AK,0.166345
NorthSlopeBorough,AK,0.164986
NorthwestArcticBorough,AK,0.164356
PetersburgCensusArea,AK,0.144731
PrinceofWales-HyderCensusArea,AK,0.129916
SitkaandBorough,AK,0.09873
SkagwayMunicipality,AK,0.098688
SoutheastFairbanksCensusArea,AK,0.096877
Valdez-CordovaCensusArea,AK,0.076097
WadeHamptonCensusArea,AK,0.074113
WrangellandBorough,AK,0.047222
YakutatandBorough,AK,0.04337
Yukon-KoyukukCensusArea,AK,0.037544
Autauga,AL,0.6011
Baldwin,AL,0.597774
Barbour,AL,0.5916
Bibb,AL,0.572213
Blount,AL,0.568373
Bullock,AL,0.54832
Butler,AL,0.547169
Calhoun,AL,0.542337
Chambers,AL,0.529877
Cherokee,AL,0.525809
Chilton,AL,0.52337
Choctaw,AL,0.522788
Clarke,AL,0.520264
Clay,AL,0.51843
Cleburne,AL,0.514744
Coffee,AL,0.512362
Colbert,AL,0.511982
Conecuh,AL,0.506501
Coosa,AL,0.505207
Covington,AL,0.502885
Crenshaw,AL,0.498754
Cullman,AL,0.496912
Dale,AL,0.492293
Dallas,AL,0.491441
DeKalb,AL,0.482254
Elmore,AL,0.457992
Escambia,AL,0.45543
Etowah,AL,0.451731
Fayette,AL,0.446872
Franklin,AL,0.436062
Geneva,AL,0.417374
Greene,AL,0.396877
Hale,AL,0.385675
Henry,AL,0.358706
Houston,AL,0.347198
Jackson,AL,0.323928
Jefferson,AL,0.317488
Lamar,AL,0.271228
Lauderdale,AL,0.266177
Lawrence,AL,0.264651
Lee,AL,0.262171
Limestone,AL,0.25437
Lowndes,AL,0.242084
Macon,AL,0.238134
Madison,AL,0.234954
Marengo,AL,0.229977
Marion,AL,0.226886
Marshall,AL,0.223297
Mobile,AL,0.193176
Monroe,AL,0.192307
Montgomery,AL,0.187473
Morgan,AL,0.183388
Perry,AL,0.146185
Pickens,AL,0.143207
Pike,AL,0.141661
Randolph,AL,0.124535
Russell,AL,0.115157
Shelby,AL,0.102404
St.Clair,AL,0.096683
Sumter,AL,0.089231
Talladega,AL,0.08735
Tallapoosa,AL,0.087349
Tuscaloosa,AL,0.079849
Walker,AL,0.073968
Washington,AL,0.06844
Wilcox,AL,0.056892
Winston,AL,0.051112
Arkansas,AR,0.614376
Ashley,AR,0.609575
Baxter,AR,0.585015
Benton,AR,0.576306
Boone,AR,0.56412
Bradley,AR,0.558496
Calhoun,AR,0.542263
Carroll,AR,0.535179
Chicot,AR,0.523765
Clark,AR,0.521031
Clay,AR,0.517068
Cleburne,AR,0.514711
Cleveland,AR,0.514501
Columbia,AR,0.509809
Conway,AR,0.506041
Craighead,AR,0.50196
Crawford,AR,0.501455
Crittenden,AR,0.498631
Cross,AR,0.497768
Dallas,AR,0.491621
Desha,AR,0.47889
Drew,AR,0.46879
Faulkner,AR,0.447469
Franklin,AR,0.431635
Fulton,AR,0.426515
Garland,AR,0.420531
Grant,AR,0.403443
Greene,AR,0.394359
Hempstead,AR,0.361809
HotSpring,AR,0.348259
Howard,AR,0.344864
Independence,AR,0.335964
Izard,AR,0.328323
Jackson,AR,0.325889
Jefferson,AR,0.317021
Johnson,AR,0.304569
Lafayette,AR,0.278204
Lawrence,AR,0.263893
Lee,AR,0.262534
Lincoln,AR,0.253268
LittleRiver,AR,0.24799
Logan,AR,0.245303
Lonoke,AR,0.244208
Madison,AR,0.233404
Marion,AR,0.225552
Miller,AR,0.200067
Mississippi,AR,0.196582
Monroe,AR,0.192172
Montgomery,AR,0.185555
Nevada,AR,0.172805
Newton,AR,0.169233
Ouachita,AR,0.15444
Perry,AR,0.145929
Phillips,AR,0.144202
Pike,AR,0.141123
Poinsett,AR,0.136038
Polk,AR,0.134998
Pope,AR,0.133525
Prairie,AR,0.131634
Pulaski,AR,0.128294
Randolph,AR,0.12437
Saline,AR,0.111582
Scott,AR,0.105957
Searcy,AR,0.1043
Sebastian,AR,0.104274
Sevier,AR,0.104155
Sharp,AR,0.103878
St.Francis,AR,0.096593
Stone,AR,0.091133
Union,AR,0.077985
VanBuren,AR,0.076017
Washington,AR,0.068352
White,AR,0.058812
Woodruff,AR,0.049175
Yell,AR,0.041441
Apache,AZ,0.623218
Cochise,AZ,0.512658
Coconino,AZ,0.512567
Gila,AZ,0.416413
Graham,AZ,0.408744
Greenlee,AZ,0.392359
LaPaz,AZ,0.269019
Maricopa,AZ,0.229831
Mohave,AZ,0.193003
Navajo,AZ,0.17462
Pima,AZ,0.140617
Pinal,AZ,0.140602
SantaCruz,AZ,0.107822
Yavapai,AZ,0.041448
Yuma,AZ,0.03754
Alameda,CA,0.682123
Alpine,CA,0.644473
Amador,CA,0.642078
Butte,CA,0.54594
Calaveras,CA,0.543823
Colusa,CA,0.506965
ContraCosta,CA,0.506259
DelNorte,CA,0.480346
ElDorado,CA,0.459434
Fresno,CA,0.427552
Glenn,CA,0.413422
Humboldt,CA,0.341242
Imperial,CA,0.337185
Inyo,CA,0.334424
Kern,CA,0.28962
Kings,CA,0.28649
Lake,CA,0.274425
Lassen,CA,0.267092
LosAngeles,CA,0.243706
Madera,CA,0.236698
Marin,CA,0.229025
Mariposa,CA,0.225372
Mendocino,CA,0.206903
Merced,CA,0.206288
Modoc,CA,0.193154
Mono,CA,0.192534
Monterey,CA,0.188669
Napa,CA,0.176206
Nevada,CA,0.172754
Orange,CA,0.158066
Placer,CA,0.138103
Plumas,CA,0.137111
Riverside,CA,0.118917
Sacramento,CA,0.113472
SanBenito,CA,0.111431
SanBernardino,CA,0.111403
SanDiego,CA,0.111099
SanFrancisco,CA,0.110057
SanJoaquin,CA,0.109643
SanLuisObispo,CA,0.109138
SanMateo,CA,0.108764
SantaBarbara,CA,0.107969
SantaClara,CA,0.107905
SantaCruz,CA,0.107824
Shasta,CA,0.103838
Sierra,CA,0.100371
Siskiyou,CA,0.098769
Solano,CA,0.098517
Sonoma,CA,0.098291
Stanislaus,CA,0.09471
Sutter,CA,0.087482
Tehama,CA,0.085503
Trinity,CA,0.081657
Tulare,CA,0.079915
Tuolumne,CA,0.079862
Ventura,CA,0.075787
Yolo,CA,0.041404
Yuba,CA,0.039468
Adams,CO,0.731461
Alamosa,CO,0.681277
Arapahoe,CO,0.617255
Archuleta,CO,0.615762
Baca,CO,0.600981
Bent,CO,0.577085
Boulder,CO,0.561534
Broomfield,CO,0.553516
Chaffee,CO,0.529928
Cheyenne,CO,0.524687
ClearCreek,CO,0.516013
Conejos,CO,0.506452
Costilla,CO,0.504339
Crowley,CO,0.497661
Custer,CO,0.493641
Delta,CO,0.480133
Denver,CO,0.479026
Dolores,CO,0.471709
Douglas,CO,0.470458
Eagle,CO,0.465316
Elbert,CO,0.459482
ElPaso,CO,0.457798
Fremont,CO,0.428108
Garfield,CO,0.421728
Gilpin,CO,0.414569
Grand,CO,0.407136
Gunnison,CO,0.386788
Hinsdale,CO,0.353978
Huerfano,CO,0.342505
Jackson,CO,0.32394
Jefferson,CO,0.316292
Kiowa,CO,0.284601
KitCarson,CO,0.284596
Lake,CO,0.275323
LaPlata,CO,0.26891
Larimer,CO,0.267708
LasAnimas,CO,0.267129
Lincoln,CO,0.252392
Logan,CO,0.245427
Mesa,CO,0.203971
Mineral,CO,0.198444
Moffat,CO,0.19302
Montezuma,CO,0.188138
Montrose,CO,0.185178
Morgan,CO,0.184256
Otero,CO,0.155142
Ouray,CO,0.153416
Park,CO,0.149824
Phillips,CO,0.144153
Pitkin,CO,0.1391
Prowers,CO,0.129545
Pueblo,CO,0.128912
RioBlanco,CO,0.119038
RioGrande,CO,0.118989
Routt,CO,0.115338
Saguache,CO,0.113364
SanJuan,CO,0.10929
SanMiguel,CO,0.108015
Sedgwick,CO,0.104258
Summit,CO,0.090279
Teller,CO,0.085481
Washington,CO,0.066517
Weld,CO,0.060797
Yuma,CO,0.035585
Fairfield,CT,0.450661
Hartford,CT,0.366411
Litchfield,CT,0.24821
Middlesex,CT,0.201324
NewHaven,CT,0.171527
NewLondon,CT,0.171118
Tolland,CT,0.081809
Windham,CT,0.053061
DistrictofColumbia,DC,0.474088
Kent,DE,0.291793
NewCastle,DE,0.17197
Sussex,DE,0.087501
Alachua,FL,0.685223
Baker,FL,0.599061
Bay,FL,0.584873
Bradford,FL,0.558831
Brevard,FL,0.556216
Broward,FL,0.553319
Calhoun,FL,0.542071
Charlotte,FL,0.528219
Citrus,FL,0.522024
Clay,FL,0.51843
Collier,FL,0.510463
Columbia,FL,0.50976
DeSoto,FL,0.47837
Dixie,FL,0.47289
Duval,FL,0.465689
Escambia,FL,0.455254
Flagler,FL,0.444213
Franklin,FL,0.436344
Gadsden,FL,0.425527
Gilchrist,FL,0.41609
Glades,FL,0.414346
Gulf,FL,0.386886
Hamilton,FL,0.382844
Hardee,FL,0.374545
Hendry,FL,0.360671
Hernando,FL,0.35684
Highlands,FL,0.355058
Hillsborough,FL,0.354752
Holmes,FL,0.352027
IndianRiver,FL,0.334928
Jackson,FL,0.326766
Jefferson,FL,0.317042
Lafayette,FL,0.277916
Lake,FL,0.274471
Lee,FL,0.261725
Leon,FL,0.25931
Levy,FL,0.25854
Liberty,FL,0.255583
Madison,FL,0.235881
Manatee,FL,0.230725
Marion,FL,0.227828
Martin,FL,0.221504
Miami-Dade,FL,0.202402
Monroe,FL,0.191649
Nassau,FL,0.174957
Okaloosa,FL,0.160227
Okeechobee,FL,0.160081
Orange,FL,0.158223
Osceola,FL,0.155874
PalmBeach,FL,0.151092
Pasco,FL,0.149496
Pinellas,FL,0.140102
Polk,FL,0.135697
Putnam,FL,0.128048
SantaRosa,FL,0.107733
Sarasota,FL,0.107566
Seminole,FL,0.10425
St.Johns,FL,0.096368
St.Lucie,FL,0.094932
Sumter,FL,0.0892
Suwannee,FL,0.087448
Taylor,FL,0.085577
Union,FL,0.077953
Volusia,FL,0.074147
Wakulla,FL,0.074022
Walton,FL,0.07222
Washington,FL,0.068142
Appling,GA,0.619602
Atkinson,GA,0.605921
Bacon,GA,0.600455
Baker,GA,0.600004
Baldwin,GA,0.597853
Banks,GA,0.59646
Barrow,GA,0.590242
Bartow,GA,0.587216
BenHill,GA,0.578365
Berrien,GA,0.57337
Bibb,GA,0.572274
Bleckley,GA,0.568559
Brantley,GA,0.557975
Brooks,GA,0.554213
Bryan,GA,0.551138
Bulloch,GA,0.548329
Burke,GA,0.547996
Butts,GA,0.545306
Calhoun,GA,0.542523
Camden,GA,0.539116
Candler,GA,0.537389
Carroll,GA,0.535203
Catoosa,GA,0.531245
Charlton,GA,0.527825
Chatham,GA,0.527666
Chattahoochee,GA,0.527542
Chattooga,GA,0.527412
Cherokee,GA,0.526027
Clarke,GA,0.520283
Clay,GA,0.518661
Clayton,GA,0.516495
Clinch,GA,0.514446
Cobb,GA,0.512687
Coffee,GA,0.512421
Colquitt,GA,0.509963
Columbia,GA,0.5098
Cook,GA,0.505987
Coweta,GA,0.502624
Crawford,GA,0.501455
Crisp,GA,0.498704
Dade,GA,0.49331
Dawson,GA,0.486223
Decatur,GA,0.484552
DeKalb,GA,0.482295
Dodge,GA,0.472771
Dooly,GA,0.471531
Dougherty,GA,0.471384
Douglas,GA,0.471287
Early,GA,0.465121
Echols,GA,0.463435
Effingham,GA,0.460464
Elbert,GA,0.459528
Emanuel,GA,0.457591
Evans,GA,0.451123
Fannin,GA,0.448191
Fayette,GA,0.447209
Floyd,GA,0.443008
Forsyth,GA,0.43945
Franklin,GA,0.434097
Fulton,GA,0.42711
Gilmer,GA,0.414644
Glascock,GA,0.41396
Glynn,GA,0.411712
Gordon,GA,0.409697
Grady,GA,0.409318
Greene,GA,0.39737
Gwinnett,GA,0.386647
Habersham,GA,0.386177
Hall,GA,0.38379
Hancock,GA,0.379919
Haralson,GA,0.374819
Harris,GA,0.369373
Hart,GA,0.366982
Heard,GA,0.362141
Henry,GA,0.359469
Houston,GA,0.347296
Irwin,GA,0.331579
Jackson,GA,0.32523
Jasper,GA,0.320937
JeffDavis,GA,0.318384
Jefferson,GA,0.317055
Jenkins,GA,0.310587
Johnson,GA,0.306426
Jones,GA,0.30098
Lamar,GA,0.272016
Lanier,GA,0.269335
Laurens,GA,0.26591
Lee,GA,0.261504
Liberty,GA,0.256363
Lincoln,GA,0.253121
Long,GA,0.244252
Lowndes,GA,0.242338
Lumpkin,GA,0.241141
Macon,GA,0.238283
Madison,GA,0.234176
Marion,GA,0.22833
McDuffie,GA,0.214784
McIntosh,GA,0.214288
Meriwether,GA,0.204895
Miller,GA,0.199888
Mitchell,GA,0.194479
Monroe,GA,0.191245
Montgomery,GA,0.187002
Morgan,GA,0.183684
Murray,GA,0.178444
Muscogee,GA,0.177987
Newton,GA,0.17073
Oconee,GA,0.162028
Oglethorpe,GA,0.161109
Paulding,GA,0.14842
Peach,GA,0.147826
Pickens,GA,0.142792
Pierce,GA,0.142369
Pike,GA,0.141123
Polk,GA,0.135515
Pulaski,GA,0.128248
Putnam,GA,0.128106
Quitman,GA,0.12643
Rabun,GA,0.126305
Randolph,GA,0.12464
Richmond,GA,0.120521
Rockdale,GA,0.117192
Schley,GA,0.106124
Screven,GA,0.10437
Seminole,GA,0.104208
Spalding,GA,0.096861
Stephens,GA,0.092873
Stewart,GA,0.091179
Sumter,GA,0.089237
Talbot,GA,0.087395
Taliaferro,GA,0.087389
Tattnall,GA,0.087044
Taylor,GA,0.085603
Telfair,GA,0.085499
Terrell,GA,0.085421
Thomas,GA,0.085308
Tift,GA,0.083649
Toombs,GA,0.081754
Towns,GA,0.081722
Treutlen,GA,0.081676
Troup,GA,0.081624
Turner,GA,0.079857
Twiggs,GA,0.079797
Union,GA,0.077914
Upson,GA,0.077771
Walker,GA,0.073928
Walton,GA,0.072226
Ware,GA,0.072058
Warren,GA,0.07036
Washington,GA,0.068445
Wayne,GA,0.064561
Webster,GA,0.062643
Wheeler,GA,0.058846
White,GA,0.058801
Whitfield,GA,0.056927
Wilcox,GA,0.056897
Wilkes,GA,0.056881
Wilkinson,GA,0.055006
Worth,GA,0.047261
Hawaii,HI,0.364975
Honolulu,HI,0.351179
Kalawao,HI,0.298168
Kauai,HI,0.295642
Maui,HI,0.21832
Adair,IA,0.736427
Adams,IA,0.69039
Allamakee,IA,0.662891
Appanoose,IA,0.621119
Audubon,IA,0.602447
Benton,IA,0.575657
BlackHawk,IA,0.571432
Boone,IA,0.563911
Bremer,IA,0.556605
Buchanan,IA,0.550416
BuenaVista,IA,0.549787
Butler,IA,0.546371
Calhoun,IA,0.54178
Carroll,IA,0.534312
Cass,IA,0.531964
Cedar,IA,0.530621
CerroGordo,IA,0.530066
Cherokee,IA,0.52578
Chickasaw,IA,0.524324
Clarke,IA,0.519916
Clay,IA,0.517362
Clayton,IA,0.516253
Clinton,IA,0.514233
Crawford,IA,0.501484
Dallas,IA,0.491255
Davis,IA,0.488307
Decatur,IA,0.483283
Delaware,IA,0.480677
DesMoines,IA,0.478635
Dickinson,IA,0.475562
Dubuque,IA,0.468523
Emmet,IA,0.456673
Fayette,IA,0.446238
Floyd,IA,0.442433
Franklin,IA,0.433894
Fremont,IA,0.427673
Greene,IA,0.394225
Grundy,IA,0.388727
Guthrie,IA,0.386772
Hamilton,IA,0.381879
Hancock,IA,0.379201
Hardin,IA,0.373199
Harrison,IA,0.367701
Henry,IA,0.358358
Howard,IA,0.343745
Humboldt,IA,0.340824
Ida,IA,0.337811
Iowa,IA,0.333887
Jackson,IA,0.323368
Jasper,IA,0.320153
Jefferson,IA,0.315556
Johnson,IA,0.304701
Jones,IA,0.300573
Keokuk,IA,0.289753
Kossuth,IA,0.279949
Lee,IA,0.260788
Linn,IA,0.248834
Louisa,IA,0.242834
Lucas,IA,0.241631
Lyon,IA,0.238791
Madison,IA,0.232338
Mahaska,IA,0.231825
Marion,IA,0.225697
Marshall,IA,0.223414
Mills,IA,0.199457
Mitchell,IA,0.193724
Monona,IA,0.192512
Monroe,IA,0.189873
Montgomery,IA,0.185409
Muscatine,IA,0.178003
O'Brien,IA,0.162852
Osceola,IA,0.155697
Page,IA,0.151274
PaloAlto,IA,0.150926
Plymouth,IA,0.136806
Pocahontas,IA,0.136477
Polk,IA,0.135495
Pottawattamie,IA,0.132704
Poweshiek,IA,0.13171
Ringgold,IA,0.119148
Sac,IA,0.113537
Scott,IA,0.105992
Shelby,IA,0.102316
Sioux,IA,0.099823
Story,IA,0.091115
Tama,IA,0.087349
Taylor,IA,0.085565
Union,IA,0.07791
VanBuren,IA,0.075995
Wapello,IA,0.072196
Warren,IA,0.070293
Washington,IA,0.066494
Wayne,IA,0.062689
Webster,IA,0.062611
Winnebago,IA,0.051137
Winneshiek,IA,0.051132
Woodbury,IA,0.049209
Worth,IA,0.04726
Wright,IA,0.047203
Ada,ID,0.740757
Adams,ID,0.694312
Bannock,ID,0.595468
BearLake,ID,0.58408
Benewah,ID,0.578466
Bingham,ID,0.571598
Blaine,ID,0.569329
Boise,ID,0.56654
Bonner,ID,0.565573
Bonneville,ID,0.565561
Boundary,ID,0.560536
Butte,ID,0.545529
Camas,ID,0.539878
Canyon,ID,0.537069
Caribou,ID,0.536623
Cassia,ID,0.531762
Clark,ID,0.521163
Clearwater,ID,0.514755
Custer,ID,0.493451
Elmore,ID,0.458114
Franklin,ID,0.43342
Fremont,ID,0.427875
Gem,ID,0.417565
Gooding,ID,0.409754
Idaho,ID,0.337624
Jefferson,ID,0.315348
Jerome,ID,0.308903
Kootenai,ID,0.280056
Latah,ID,0.266898
Lemhi,ID,0.26
Lewis,ID,0.257917
Lincoln,ID,0.252559
Madison,ID,0.233596
Minidoka,ID,0.197897
NezPerce,ID,0.168566
Oneida,ID,0.158674
Owyhee,ID,0.152124
Payette,ID,0.148057
Power,ID,0.131807
Shoshone,ID,0.100426
Teton,ID,0.085379
TwinFalls,ID,0.079791
Valley,ID,0.076056
Washington,ID,0.066558
Adams,IL,0.698748
Alexander,IL,0.669656
Bond,IL,0.565984
Boone,IL,0.565034
Brown,IL,0.553092
Bureau,IL,0.548148
Calhoun,IL,0.540811
Carroll,IL,0.534597
Cass,IL,0.533076
Champaign,IL,0.529058
Christian,IL,0.522266
Clark,IL,0.520496
Clay,IL,0.517065
Clinton,IL,0.514087
Coles,IL,0.510923
Cook,IL,0.50599
Crawford,IL,0.500838
Cumberland,IL,0.495151
DeKalb,IL,0.482282
DeWitt,IL,0.476531
Douglas,IL,0.470432
DuPage,IL,0.466746
Edgar,IL,0.462061
Edwards,IL,0.460538
Effingham,IL,0.459782
Fayette,IL,0.446804
Ford,IL,0.440316
Franklin,IL,0.430705
Fulton,IL,0.426929
Gallatin,IL,0.423592
Greene,IL,0.3941
Grundy,IL,0.389503
Hamilton,IL,0.381018
Hancock,IL,0.378466
Hardin,IL,0.373074
Henderson,IL,0.360905
Henry,IL,0.357673
Iroquois,IL,0.331951
Jackson,IL,0.326161
Jasper,IL,0.319845
Jefferson,IL,0.315369
Jersey,IL,0.308787
JoDaviess,IL,0.30668
Johnson,IL,0.304274
Kane,IL,0.297211
Kankakee,IL,0.296676
Kendall,IL,0.293747
Knox,IL,0.281902
Lake,IL,0.275753
LaSalle,IL,0.267249
Lawrence,IL,0.264588
Lee,IL,0.261093
Livingston,IL,0.247528
Logan,IL,0.24542
Macon,IL,0.238268
Macoupin,IL,0.236716
Madison,IL,0.233967
Marion,IL,0.22677
Marshall,IL,0.222017
Mason,IL,0.219552
Massac,IL,0.219474
McDonough,IL,0.216145
McHenry,IL,0.214721
McLean,IL,0.21217
Menard,IL,0.207276
Mercer,IL,0.205325
Monroe,IL,0.189113
Montgomery,IL,0.185419
Morgan,IL,0.183236
Moultrie,IL,0.179517
Ogle,IL,0.161283
Peoria,IL,0.146771
Perry,IL,0.146012
Piatt,IL,0.143706
Pike,IL,0.140657
Pope,IL,0.133397
Pulaski,IL,0.128245
Putnam,IL,0.127857
Randolph,IL,0.124506
Richland,IL,0.120584
RockIsland,IL,0.117069
Saline,IL,0.111572
Sangamon,IL,0.109977
Schuyler,IL,0.106116
Scott,IL,0.105619
Shelby,IL,0.102263
St.Clair,IL,0.096709
Stark,IL,0.093053
Stephenson,IL,0.092867
Tazewell,IL,0.085521
Union,IL,0.077936
Vermilion,IL,0.074198
Wabash,IL,0.074133
Warren,IL,0.070337
Washington,IL,0.064642
Wayne,IL,0.062691
White,IL,0.058723
Whiteside,IL,0.056931
Will,IL,0.05499
Williamson,IL,0.054922
Winnebago,IL,0.051141
Woodford,IL,0.0492
Adams,IN,0.692349
Allen,IN,0.650181
Bartholomew,IN,0.588653
Benton,IN,0.576124
Blackford,IN,0.571553
Boone,IN,0.564287
Brown,IN,0.552329
Carroll,IN,0.534549
Cass,IN,0.53302
Clark,IN,0.520993
Clay,IN,0.51668
Clinton,IN,0.514351
Crawford,IN,0.498969
Daviess,IN,0.488874
Dearborn,IN,0.484716
Decatur,IN,0.482813
DeKalb,IN,0.481917
Delaware,IN,0.481636
Dubois,IN,0.468776
Elkhart,IN,0.458886
Fayette,IN,0.446161
Floyd,IN,0.44249
Fountain,IN,0.438718
Franklin,IN,0.43042
Fulton,IN,0.426789
Gibson,IN,0.416549
Grant,IN,0.404966
Greene,IN,0.393611
Hamilton,IN,0.382424
Hancock,IN,0.379354
Harrison,IN,0.367848
Hendricks,IN,0.360868
Henry,IN,0.357273
Howard,IN,0.344734
Huntington,IN,0.340081
Jackson,IN,0.323555
Jasper,IN,0.320234
Jay,IN,0.319478
Jefferson,IN,0.313449
Jennings,IN,0.310146
Johnson,IN,0.304228
Knox,IN,0.281435
Kosciusko,IN,0.280032
LaGrange,IN,0.276693
Lake,IN,0.276188
LaPorte,IN,0.268882
Lawrence,IN,0.263906
Madison,IN,0.234
Marion,IN,0.228616
Marshall,IN,0.222089
Martin,IN,0.221187
Miami,IN,0.203521
Monroe,IN,0.19094
Montgomery,IN,0.185535
Morgan,IN,0.181427
Newton,IN,0.169581
Noble,IN,0.167412
Ohio,IN,0.160412
Orange,IN,0.157137
Owen,IN,0.153249
Parke,IN,0.149703
Perry,IN,0.145688
Pike,IN,0.140654
Porter,IN,0.133087
Posey,IN,0.132799
Pulaski,IN,0.128129
Putnam,IN,0.127857
Randolph,IN,0.124389
Ripley,IN,0.118968
Rush,IN,0.11525
Scott,IN,0.105779
Shelby,IN,0.102344
Spencer,IN,0.096831
St.Joseph,IN,0.096132
Starke,IN,0.093045
Steuben,IN,0.091231
Sullivan,IN,0.09097
Switzerland,IN,0.0874
Tippecanoe,IN,0.083575
Tipton,IN,0.083523
Union,IN,0.077905
Vanderburgh,IN,0.075919
Vermillion,IN,0.07419
Vigo,IN,0.074163
Wabash,IN,0.074137
Warren,IN,0.07029
Warrick,IN,0.070282
Washington,IN,0.064641
Wayne,IN,0.064557
Wells,IN,0.060785
White,IN,0.05881
Whitley,IN,0.056918
Allen,KS,0.649676
Anderson,KS,0.63442
Atchison,KS,0.607961
Barber,KS,0.591778
Barton,KS,0.587819
Bourbon,KS,0.560293
Brown,KS,0.552588
Butler,KS,0.546895
Chase,KS,0.527747
Chautauqua,KS,0.52731
Cherokee,KS,0.525935
Cheyenne,KS,0.524584
Clark,KS,0.520742
Clay,KS,0.517325
Cloud,KS,0.512942
Coffey,KS,0.51229
Comanche,KS,0.5068
Cowley,KS,0.50248
Crawford,KS,0.500979
Decatur,KS,0.483069
Dickinson,KS,0.476334
Doniphan,KS,0.471566
Douglas,KS,0.470825
Edwards,KS,0.460696
Elk,KS,0.459282
Ellis,KS,0.458425
Ellsworth,KS,0.458204
Finney,KS,0.445197
Ford,KS,0.441415
Franklin,KS,0.433283
Geary,KS,0.418272
Gove,KS,0.409399
Graham,KS,0.408283
Grant,KS,0.405175
Gray,KS,0.400622
Greeley,KS,0.398624
Greenwood,KS,0.391355
Hamilton,KS,0.38278
Harper,KS,0.370753
Harvey,KS,0.365934
Haskell,KS,0.364996
Hodgeman,KS,0.35324
Jackson,KS,0.324639
Jefferson,KS,0.313116
Jewell,KS,0.307629
Johnson,KS,0.305306
Kearny,KS,0.294049
Kingman,KS,0.286786
Kiowa,KS,0.284614
Labette,KS,0.279941
Lane,KS,0.269659
Leavenworth,KS,0.263472
Lincoln,KS,0.250708
Linn,KS,0.248716
Logan,KS,0.245393
Lyon,KS,0.239373
Marion,KS,0.226043
Marshall,KS,0.221923
McPherson,KS,0.210434
Meade,KS,0.210068
Miami,KS,0.202983
Mitchell,KS,0.194012
Montgomery,KS,0.186173
Morris,KS,0.180429
Morton,KS,0.180206
Nemaha,KS,0.17397
Neosho,KS,0.173897
Ness,KS,0.173217
Norton,KS,0.16414
Osage,KS,0.156354
Osborne,KS,0.156028
Ottawa,KS,0.154716
Pawnee,KS,0.148149
Phillips,KS,0.143852
Pottawatomie,KS,0.132757
Pratt,KS,0.131534
Rawlins,KS,0.122723
Reno,KS,0.122362
Republic,KS,0.121035
Rice,KS,0.120793
Riley,KS,0.119187
Rooks,KS,0.116737
Rush,KS,0.115282
Russell,KS,0.114904
Saline,KS,0.111678
Scott,KS,0.105968
Sedgwick,KS,0.104259
Seward,KS,0.104079
Shawnee,KS,0.103497
Sheridan,KS,0.101855
Sherman,KS,0.100525
Smith,KS,0.098625
Stafford,KS,0.094728
Stanton,KS,0.094472
Stevens,KS,0.091206
Sumner,KS,0.089245
Thomas,KS,0.085304
Trego,KS,0.081699
Wabaunsee,KS,0.07412
Wallace,KS,0.072304
Washington,KS,0.066426
Wichita,KS,0.056904
Wilson,KS,0.053069
Woodson,KS,0.049164
Wyandotte,KS,0.045309
Adair,KY,0.738772
Allen,KY,0.648271
Anderson,KY,0.634781
Ballard,KY,0.597696
Barren,KY,0.590878
Bath,KY,0.58605
Bell,KY,0.580362
Boone,KY,0.564482
Bourbon,KY,0.560324
Boyd,KY,0.559801
Boyle,KY,0.55917
Bracken,KY,0.558921
Breathitt,KY,0.556909
Breckinridge,KY,0.556878
Bullitt,KY,0.548564
Butler,KY,0.546816
Caldwell,KY,0.543149
Calloway,KY,0.540343
Campbell,KY,0.538094
Carlisle,KY,0.53656
Carroll,KY,0.534764
Carter,KY,0.533755
Casey,KY,0.533134
Christian,KY,0.522544
Clark,KY,0.520625
Clay,KY,0.517655
Clinton,KY,0.513649
Crittenden,KY,0.498412
Cumberland,KY,0.495291
Daviess,KY,0.489189
Edmonson,KY,0.461168
Elliott,KY,0.458657
Estill,KY,0.45183
Fayette,KY,0.44709
Fleming,KY,0.443834
Floyd,KY,0.442352
Franklin,KY,0.4342
Fulton,KY,0.427039
Gallatin,KY,0.424854
Garrard,KY,0.42045
Grant,KY,0.402776
Graves,KY,0.40128
Grayson,KY,0.399306
Green,KY,0.397937
Greenup,KY,0.391913
Hancock,KY,0.378991
Hardin,KY,0.374173
Harlan,KY,0.371659
Harrison,KY,0.368073
Hart,KY,0.366855
Henderson,KY,0.361184
Henry,KY,0.357664
Hickman,KY,0.355754
Hopkins,KY,0.349068
Jackson,KY,0.32243
Jefferson,KY,0.316667
Jessamine,KY,0.308449
Johnson,KY,0.303256
Kenton,KY,0.290772
Knott,KY,0.283425
Knox,KY,0.280311
Larue,KY,0.267673
Laurel,KY,0.266126
Lawrence,KY,0.263773
Lee,KY,0.260286
Leslie,KY,0.25927
Letcher,KY,0.258959
Lewis,KY,0.257119
Lincoln,KY,0.250718
Livingston,KY,0.246577
Logan,KY,0.245399
Lyon,KY,0.239112
Madison,KY,0.233463
Magoffin,KY,0.232271
Marion,KY,0.227798
Marshall,KY,0.221817
Martin,KY,0.221418
Mason,KY,0.219735
McCracken,KY,0.217084
McCreary,KY,0.216958
McLean,KY,0.212082
Meade,KY,0.209634
Menifee,KY,0.206585
Mercer,KY,0.205829
Metcalfe,KY,0.203838
Monroe,KY,0.19026
Montgomery,KY,0.185524
Morgan,KY,0.183049
Muhlenberg,KY,0.179222
Nelson,KY,0.174189
Nicholas,KY,0.168502
Ohio,KY,0.160525
Oldham,KY,0.158881
Owen,KY,0.153252
Owsley,KY,0.152897
Pendleton,KY,0.147644
Perry,KY,0.145369
Pike,KY,0.140648
Powell,KY,0.131887
Pulaski,KY,0.128163
Robertson,KY,0.118336
Rockcastle,KY,0.117227
Rowan,KY,0.115298
Russell,KY,0.114573
Scott,KY,0.105865
Shelby,KY,0.102373
Simpson,KY,0.100076
Spencer,KY,0.096842
Taylor,KY,0.085577
Todd,KY,0.083259
Trigg,KY,0.081665
Trimble,KY,0.081665
Union,KY,0.077941
Warren,KY,0.070358
Washington,KY,0.066513
Wayne,KY,0.06273
Webster,KY,0.062612
Whitley,KY,0.056914
Wolfe,KY,0.0511
Woodford,KY,0.049201
Acadia,LA,0.769346
Allen,LA,0.651831
Ascension,LA,0.612776
Assumption,LA,0.608129
Avoyelles,LA,0.601006
Beauregard,LA,0.583858
Bienville,LA,0.572081
Bossier,LA,0.562004
Caddo,LA,0.543935
Calcasieu,LA,0.543478
Caldwell,LA,0.543385
Cameron,LA,0.538615
Catahoula,LA,0.531525
Claiborne,LA,0.522006
Concordia,LA,0.506541
DeSoto,LA,0.477976
EastBatonRouge,LA,0.464907
EastCarroll,LA,0.46428
EastFeliciana,LA,0.464137
Evangeline,LA,0.451218
Franklin,LA,0.436648
Grant,LA,0.404968
Iberia,LA,0.339116
Iberville,LA,0.338539
Jackson,LA,0.326671
Jefferson,LA,0.318022
JeffersonDavis,LA,0.310685
Lafayette,LA,0.278008
Lafourche,LA,0.276718
LaSalle,LA,0.267476
Lincoln,LA,0.253317
Livingston,LA,0.247361
Madison,LA,0.234877
Morehouse,LA,0.184482
Natchitoches,LA,0.174869
Orleans,LA,0.156679
Ouachita,LA,0.153527
Plaquemines,LA,0.137937
PointeCoupee,LA,0.135992
Rapides,LA,0.122786
RedRiver,LA,0.122663
Richland,LA,0.120755
Sabine,LA,0.113557
St.Bernard,LA,0.096768
St.Charles,LA,0.096748
St.Helena,LA,0.096534
St.James,LA,0.096468
St.JohntheBaptist,LA,0.096229
St.Landry,LA,0.094976
St.Martin,LA,0.094924
St.Mary,LA,0.094863
St.Tammany,LA,0.094845
Tangipahoa,LA,0.087268
Tensas,LA,0.085455
Terrebonne,LA,0.085454
Union,LA,0.077963
Vermilion,LA,0.074202
Vernon,LA,0.074174
Washington,LA,0.068426
Webster,LA,0.062637
WestBatonRouge,LA,0.060775
WestCarroll,LA,0.060764
WestFeliciana,LA,0.060748
Winn,LA,0.051153
Barnstable,MA,0.591041
Berkshire,MA,0.573836
Bristol,MA,0.555853
Dukes,MA,0.468465
Essex,MA,0.453225
Franklin,MA,0.4329
Hampden,MA,0.380696
Hampshire,MA,0.3806
Middlesex,MA,0.201917
Nantucket,MA,0.176332
Norfolk,MA,0.166201
Plymouth,MA,0.13687
Suffolk,MA,0.091102
Worcester,MA,0.047278
Allegany,MD,0.661628
AnneArundel,MD,0.62912
Baltimore,MD,0.597203
Baltimore,MD,0.597172
Calvert,MD,0.540002
Caroline,MD,0.53569
Carroll,MD,0.534763
Cecil,MD,0.530787
Charles,MD,0.52855
Dorchester,MD,0.47142
Frederick,MD,0.430307
Garrett,MD,0.420387
Harford,MD,0.372174
Howard,MD,0.345799
Kent,MD,0.291607
Montgomery,MD,0.187594
PrinceGeorge's,MD,0.129933
QueenAnne's,MD,0.126541
Somerset,MD,0.098473
St.Mary's,MD,0.094852
Talbot,MD,0.087393
Washington,MD,0.066537
Wicomico,MD,0.056903
Worcester,MD,0.047267
Androscoggin,ME,0.632352
Aroostook,ME,0.612919
Cumberland,ME,0.495749
Franklin,ME,0.431513
Hancock,ME,0.379056
Kennebec,ME,0.2923
Knox,ME,0.281033
Lincoln,ME,0.249824
Oxford,ME,0.152102
Penobscot,ME,0.146841
Piscataquis,ME,0.139135
Sagadahoc,ME,0.113398
Somerset,ME,0.098388
Waldo,ME,0.074
Washington,ME,0.066509
York,ME,0.039483
Alcona,MI,0.678237
Alger,MI,0.663094
Allegan,MI,0.661865
Alpena,MI,0.645004
Antrim,MI,0.624636
Arenac,MI,0.614894
Baraga,MI,0.594718
Barry,MI,0.588653
Bay,MI,0.584602
Benzie,MI,0.575457
Berrien,MI,0.57378
Branch,MI,0.558215
Calhoun,MI,0.541947
Cass,MI,0.53262
Charlevoix,MI,0.528257
Cheboygan,MI,0.526757
Chippewa,MI,0.523314
Clare,MI,0.521448
Clinton,MI,0.514326
Crawford,MI,0.50011
Delta,MI,0.479879
Dickinson,MI,0.475982
Eaton,MI,0.463857
Emmet,MI,0.456623
Genesee,MI,0.417471
Gladwin,MI,0.414104
Gogebic,MI,0.411708
GrandTraverse,MI,0.405884
Gratiot,MI,0.401317
Hillsdale,MI,0.354523
Houghton,MI,0.347391
Huron,MI,0.339937
Ingham,MI,0.334798
Ionia,MI,0.334216
Iosco,MI,0.334101
Iron,MI,0.332108
Isabella,MI,0.331527
Jackson,MI,0.32426
Kalamazoo,MI,0.298347
Kalkaska,MI,0.298113
Kent,MI,0.291752
Keweenaw,MI,0.288816
Lake,MI,0.27436
Lapeer,MI,0.268997
Leelanau,MI,0.260232
Lenawee,MI,0.259801
Livingston,MI,0.246793
Luce,MI,0.241409
Mackinac,MI,0.238768
Macomb,MI,0.238473
Manistee,MI,0.230552
Marquette,MI,0.224858
Mason,MI,0.219624
Mecosta,MI,0.208574
Menominee,MI,0.206384
Midland,MI,0.201105
Missaukee,MI,0.196844
Monroe,MI,0.19031
Montcalm,MI,0.188737
Montmorency,MI,0.185236
Muskegon,MI,0.177815
Newaygo,MI,0.172389
Oakland,MI,0.162475
Oceana,MI,0.162242
Ogemaw,MI,0.161534
Ontonagon,MI,0.158423
Osceola,MI,0.155363
Oscoda,MI,0.155346
Otsego,MI,0.15508
Ottawa,MI,0.154772
PresqueIsle,MI,0.130779
Roscommon,MI,0.115501
Saginaw,MI,0.113379
Sanilac,MI,0.109932
Schoolcraft,MI,0.106119
Shiawassee,MI,0.100445
St.Clair,MI,0.096672
St.Joseph,MI,0.094983
Tuscola,MI,0.079802
VanBuren,MI,0.076029
Washtenaw,MI,0.06463
Wayne,MI,0.064584
Wexford,MI,0.060722
Aitkin,MN,0.686497
Anoka,MN,0.626907
Becker,MN,0.583002
Beltrami,MN,0.580068
Benton,MN,0.576055
BigStone,MN,0.571987
BlueEarth,MN,0.566763
Brown,MN,0.552435
Carlton,MN,0.536361
Carver,MN,0.533312
Cass,MN,0.532785
Chippewa,MN,0.523297
Chisago,MN,0.523098
Clay,MN,0.518111
Clearwater,MN,0.514829
Cook,MN,0.505971
Cottonwood,MN,0.503566
CrowWing,MN,0.497584
Dakota,MN,0.492333
Dodge,MN,0.472135
Douglas,MN,0.469302
Faribault,MN,0.447941
Fillmore,MN,0.445284
Freeborn,MN,0.428703
Goodhue,MN,0.409886
Grant,MN,0.401517
Hennepin,MN,0.359677
Houston,MN,0.345935
Hubbard,MN,0.34308
Isanti,MN,0.331253
Itasca,MN,0.330784
Jackson,MN,0.323523
Kanabec,MN,0.297942
Kandiyohi,MN,0.2974
Kittson,MN,0.284228
Koochiching,MN,0.2801
LacquiParle,MN,0.278438
Lake,MN,0.272796
LakeoftheWoods,MN,0.272606
LeSueur,MN,0.258983
Lincoln,MN,0.249792
Lyon,MN,0.239113
Mahnomen,MN,0.231825
Marshall,MN,0.222089
Martin,MN,0.221376
McLeod,MN,0.21142
Meeker,MN,0.207804
MilleLacs,MN,0.200393
Morrison,MN,0.180297
Mower,MN,0.179369
Murray,MN,0.178393
Nicollet,MN,0.16842
Nobles,MN,0.167201
Norman,MN,0.166185
Olmsted,MN,0.158783
OtterTail,MN,0.154645
Pennington,MN,0.147337
Pine,MN,0.140308
Pipestone,MN,0.13924
Polk,MN,0.134941
Pope,MN,0.13333
Ramsey,MN,0.125789
RedLake,MN,0.122699
Redwood,MN,0.122585
Renville,MN,0.121141
Rice,MN,0.120809
Rock,MN,0.117435
Roseau,MN,0.11546
Scott,MN,0.105966
Sherburne,MN,0.102115
Sibley,MN,0.100394
St.Louis,MN,0.094951
Stearns,MN,0.092939
Steele,MN,0.09293
Stevens,MN,0.091184
Swift,MN,0.087411
Todd,MN,0.082592
Traverse,MN,0.081704
Wabasha,MN,0.074125
Wadena,MN,0.074071
Waseca,MN,0.070233
Washington,MN,0.066529
Watonwan,MN,0.064611
Wilkin,MN,0.055026
Winona,MN,0.05112
Wright,MN,0.045338
YellowMedicine,MN,0.041427
Adair,MO,0.738867
Andrew,MO,0.634152
Atchison,MO,0.606696
Audrain,MO,0.602527
Barry,MO,0.589671
Barton,MO,0.587233
Bates,MO,0.586408
Benton,MO,0.575881
Bollinger,MO,0.56628
Boone,MO,0.564655
Buchanan,MO,0.550859
Butler,MO,0.547051
Caldwell,MO,0.542915
Callaway,MO,0.540543
Camden,MO,0.538819
CapeGirardeau,MO,0.53702
Carroll,MO,0.534485
Carter,MO,0.53385
Cass,MO,0.532569
Cedar,MO,0.530753
Chariton,MO,0.528564
Christian,MO,0.522405
Clark,MO,0.520317
Clay,MO,0.518314
Clinton,MO,0.513695
Cole,MO,0.511588
Cooper,MO,0.50557
Crawford,MO,0.499601
Dade,MO,0.493042
Dallas,MO,0.491125
Daviess,MO,0.488617
DeKalb,MO,0.482243
Dent,MO,0.479531
Douglas,MO,0.469828
Dunklin,MO,0.467708
Franklin,MO,0.431593
Gasconade,MO,0.419252
Gentry,MO,0.417309
Greene,MO,0.395103
Grundy,MO,0.388965
Harrison,MO,0.36786
Henry,MO,0.356945
Hickory,MO,0.355644
Holt,MO,0.351218
Howard,MO,0.344602
Howell,MO,0.343143
Iron,MO,0.332214
Jackson,MO,0.327473
Jasper,MO,0.320296
Jefferson,MO,0.311687
Johnson,MO,0.304435
Knox,MO,0.280244
Laclede,MO,0.279369
Lafayette,MO,0.277228
Lawrence,MO,0.264588
Lewis,MO,0.257861
Lincoln,MO,0.250803
Linn,MO,0.248532
Livingston,MO,0.24696
Macon,MO,0.23706
Madison,MO,0.23268
Maries,MO,0.229436
Marion,MO,0.227049
McDonald,MO,0.216385
Mercer,MO,0.204957
Miller,MO,0.199795
Mississippi,MO,0.196354
Moniteau,MO,0.192974
Monroe,MO,0.190036
Montgomery,MO,0.185338
Morgan,MO,0.183028
NewMadrid,MO,0.171069
Newton,MO,0.170181
Nodaway,MO,0.167048
Oregon,MO,0.156679
Osage,MO,0.156119
Ozark,MO,0.15178
Pemiscot,MO,0.147697
Perry,MO,0.145606
Pettis,MO,0.144565
Phelps,MO,0.144511
Pike,MO,0.141004
Platte,MO,0.137566
Polk,MO,0.134452
Pulaski,MO,0.128244
Putnam,MO,0.127258
Ralls,MO,0.125884
Randolph,MO,0.124418
Ray,MO,0.122712
Reynolds,MO,0.120969
Ripley,MO,0.118982
Saline,MO,0.111632
Schuyler,MO,0.106051
Scotland,MO,0.106016
Scott,MO,0.10591
Shannon,MO,0.10398
Shelby,MO,0.102302
St.Charles,MO,0.096736
St.Clair,MO,0.096653
St.Francois,MO,0.096558
St.Louis,MO,0.094971
St.Louis,MO,0.094969
Ste.Genevieve,MO,0.092969
Stoddard,MO,0.091152
Stone,MO,0.091125
Sullivan,MO,0.090986
Taney,MO,0.087292
Texas,MO,0.085327
Vernon,MO,0.074172
Warren,MO,0.07031
Washington,MO,0.06643
Wayne,MO,0.062697
Webster,MO,0.062594
Worth,MO,0.047225
Wright,MO,0.045328
Adams,MS,0.730326
Alcorn,MS,0.674524
Amite,MS,0.641095
Attala,MS,0.605139
Benton,MS,0.576978
Bolivar,MS,0.566401
Calhoun,MS,0.542471
Carroll,MS,0.535304
Chickasaw,MS,0.524418
Choctaw,MS,0.522787
Claiborne,MS,0.521992
Clarke,MS,0.520215
Clay,MS,0.518483
Coahoma,MS,0.512896
Copiah,MS,0.505187
Covington,MS,0.503023
DeSoto,MS,0.477956
Forrest,MS,0.439733
Franklin,MS,0.436835
George,MS,0.41724
Greene,MS,0.396959
Grenada,MS,0.390945
Hancock,MS,0.379474
Harrison,MS,0.368242
Hinds,MS,0.354433
Holmes,MS,0.352144
Humphreys,MS,0.34064
Issaquena,MS,0.330959
Itawamba,MS,0.328709
Jackson,MS,0.326747
Jasper,MS,0.321336
Jefferson,MS,0.315375
JeffersonDavis,MS,0.311324
Jones,MS,0.301108
Kemper,MS,0.29391
Lafayette,MS,0.277705
Lamar,MS,0.271318
Lauderdale,MS,0.266254
Lawrence,MS,0.26541
Leake,MS,0.263549
Lee,MS,0.261648
Leflore,MS,0.260087
Lincoln,MS,0.252753
Lowndes,MS,0.242211
Madison,MS,0.235541
Marion,MS,0.228122
Marshall,MS,0.223572
Monroe,MS,0.191443
Montgomery,MS,0.187133
Neshoba,MS,0.17355
Newton,MS,0.170709
Noxubee,MS,0.163732
Oktibbeha,MS,0.15903
Panola,MS,0.150144
PearlRiver,MS,0.147755
Perry,MS,0.146075
Pike,MS,0.141244
Pontotoc,MS,0.133559
Prentiss,MS,0.131167
Quitman,MS,0.126397
Rankin,MS,0.122895
Scott,MS,0.106005
Sharkey,MS,0.103969
Simpson,MS,0.100249
Smith,MS,0.09864
Stone,MS,0.091144
Sunflower,MS,0.08914
Tallahatchie,MS,0.08735
Tate,MS,0.087098
Tippah,MS,0.083589
Tishomingo,MS,0.083508
Tunica,MS,0.079872
Union,MS,0.077941
Walthall,MS,0.072249
Warren,MS,0.070389
Washington,MS,0.068291
Wayne,MS,0.06457
Webster,MS,0.062631
Wilkinson,MS,0.054998
Winston,MS,0.051117
Yalobusha,MS,0.043362
Yazoo,MS,0.041444
Beaverhead,MT,0.583248
BigHorn,MT,0.57207
Blaine,MT,0.570089
Broadwater,MT,0.554916
Carbon,MT,0.536629
Carter,MT,0.533668
Cascade,MT,0.533163
Chouteau,MT,0.522781
Custer,MT,0.493429
Daniels,MT,0.490852
Dawson,MT,0.486708
DeerLodge,MT,0.482499
Fallon,MT,0.449488
Fergus,MT,0.445417
Flathead,MT,0.444007
Gallatin,MT,0.423906
Garfield,MT,0.420595
Glacier,MT,0.41435
GoldenValley,MT,0.411591
Granite,MT,0.405818
Hill,MT,0.355049
Jefferson,MT,0.313688
JudithBasin,MT,0.300119
Lake,MT,0.275195
LewisandClark,MT,0.256978
Liberty,MT,0.255336
Lincoln,MT,0.250819
Madison,MT,0.232838
McCone,MT,0.21758
Meagher,MT,0.209521
Mineral,MT,0.198731
Missoula,MT,0.195976
Musselshell,MT,0.177551
Park,MT,0.149708
Petroleum,MT,0.144568
Phillips,MT,0.143934
Pondera,MT,0.133589
PowderRiver,MT,0.131946
Powell,MT,0.131888
Prairie,MT,0.131595
Ravalli,MT,0.122729
Richland,MT,0.120703
Roosevelt,MT,0.115582
Rosebud,MT,0.115438
Sanders,MT,0.111356
Sheridan,MT,0.101856
SilverBow,MT,0.100255
Stillwater,MT,0.091157
SweetGrass,MT,0.087433
Teton,MT,0.085357
Toole,MT,0.081759
Treasure,MT,0.081702
Valley,MT,0.076058
Wheatland,MT,0.058847
Wibaux,MT,0.056908
Yellowstone,MT,0.041415
Alamance,NC,0.684969
Alexander,NC,0.667849
Alleghany,NC,0.658205
Anson,NC,0.626423
Ashe,NC,0.612762
Avery,NC,0.601064
Beaufort,NC,0.583869
Bertie,NC,0.57334
Bladen,NC,0.571327
Brunswick,NC,0.551435
Buncombe,NC,0.54817
Burke,NC,0.547937
Cabarrus,NC,0.544959
Caldwell,NC,0.543243
Camden,NC,0.539025
Carteret,NC,0.533449
Caswell,NC,0.531654
Catawba,NC,0.531492
Chatham,NC,0.52761
Cherokee,NC,0.525894
Chowan,NC,0.522646
Clay,NC,0.517585
Cleveland,NC,0.514537
Columbus,NC,0.507704
Craven,NC,0.501585
Cumberland,NC,0.496482
Currituck,NC,0.494816
Dare,NC,0.490496
Davidson,NC,0.48984
Davie,NC,0.489518
Duplin,NC,0.466396
Durham,NC,0.466258
Edgecombe,NC,0.461653
Forsyth,NC,0.439544
Franklin,NC,0.437584
Gaston,NC,0.418863
Gates,NC,0.418588
Graham,NC,0.408551
Granville,NC,0.401358
Greene,NC,0.397373
Guilford,NC,0.386932
Halifax,NC,0.385173
Harnett,NC,0.371117
Haywood,NC,0.363
Henderson,NC,0.361561
Hertford,NC,0.355959
Hoke,NC,0.352148
Hyde,NC,0.339323
Iredell,NC,0.332519
Jackson,NC,0.325602
Johnston,NC,0.302848
Jones,NC,0.301148
Lee,NC,0.263159
Lenoir,NC,0.25951
Lincoln,NC,0.252152
Macon,NC,0.237899
Madison,NC,0.232919
Martin,NC,0.221636
McDowell,NC,0.215354
Mecklenburg,NC,0.209204
Mitchell,NC,0.194449
Montgomery,NC,0.187464
Moore,NC,0.185116
Nash,NC,0.175977
NewHanover,NC,0.171694
Northampton,NC,0.165969
Onslow,NC,0.158545
Orange,NC,0.157351
Pamlico,NC,0.150198
Pasquotank,NC,0.149461
Pender,NC,0.147695
Perquimans,NC,0.146195
Person,NC,0.144836
Pitt,NC,0.139042
Polk,NC,0.135139
Randolph,NC,0.124529
Richmond,NC,0.120523
Robeson,NC,0.118326
Rockingham,NC,0.117183
Rowan,NC,0.115321
Rutherford,NC,0.113658
Sampson,NC,0.111502
Scotland,NC,0.106021
Stanly,NC,0.094595
Stokes,NC,0.091146
Surry,NC,0.088992
Swain,NC,0.087434
Transylvania,NC,0.081713
Tyrrell,NC,0.079743
Union,NC,0.077944
Vance,NC,0.075965
Wake,NC,0.074051
Warren,NC,0.071953
Washington,NC,0.068449
Watauga,NC,0.064624
Wayne,NC,0.064574
Wilkes,NC,0.056824
Wilson,NC,0.054921
Yadkin,NC,0.043387
Yancey,NC,0.043357
Adams,ND,0.691029
Barnes,ND,0.591257
Benson,ND,0.577249
Billings,ND,0.571908
Bottineau,ND,0.561553
Bowman,ND,0.560046
Burke,ND,0.547813
Burleigh,ND,0.547807
Cass,ND,0.532294
Cavalier,ND,0.53108
Dickey,ND,0.476335
Divide,ND,0.473051
Dunn,ND,0.467128
Eddy,ND,0.462977
Emmons,ND,0.456385
Foster,ND,0.439015
GoldenValley,ND,0.411326
GrandForks,ND,0.407071
Grant,ND,0.401937
Griggs,ND,0.390752
Hettinger,ND,0.355956
Kidder,ND,0.287995
LaMoure,ND,0.270814
Logan,ND,0.244645
McHenry,ND,0.214581
McIntosh,ND,0.213538
McKenzie,ND,0.212758
McLean,ND,0.212086
Mercer,ND,0.205552
Morton,ND,0.179999
Mountrail,ND,0.179506
Nelson,ND,0.174141
Oliver,ND,0.158854
Pembina,ND,0.147706
Pierce,ND,0.141849
Ramsey,ND,0.125654
Ransom,ND,0.122844
Renville,ND,0.121044
Richland,ND,0.120693
Rolette,ND,0.11682
Sargent,ND,0.107444
Sheridan,ND,0.100584
Sioux,ND,0.100056
Slope,ND,0.098676
Stark,ND,0.093075
Steele,ND,0.092922
Stutsman,ND,0.091104
Towner,ND,0.081735
Traill,ND,0.081714
Walsh,ND,0.072258
Ward,ND,0.072121
Wells,ND,0.060781
Williams,ND,0.054976
Adams,NE,0.71441
Antelope,NE,0.624784
Arthur,NE,0.612887
Banner,NE,0.59568
Blaine,NE,0.569087
Boone,NE,0.563845
BoxButte,NE,0.559992
Boyd,NE,0.559616
Brown,NE,0.552126
Buffalo,NE,0.549508
Burt,NE,0.547292
Butler,NE,0.546476
Cass,NE,0.532117
Cedar,NE,0.530604
Chase,NE,0.527814
Cherry,NE,0.525778
Cheyenne,NE,0.524634
Clay,NE,0.518066
Colfax,NE,0.51051
Cuming,NE,0.495025
Custer,NE,0.493394
Dakota,NE,0.492445
Dawes,NE,0.487881
Dawson,NE,0.48701
Deuel,NE,0.477309
Dixon,NE,0.472884
Dodge,NE,0.472444
Douglas,NE,0.470863
Dundy,NE,0.468315
Fillmore,NE,0.445408
Franklin,NE,0.430525
Frontier,NE,0.42736
Furnas,NE,0.425545
Gage,NE,0.425468
Garden,NE,0.422692
Garfield,NE,0.420549
Gosper,NE,0.409428
Grant,NE,0.401417
Greeley,NE,0.398006
Hall,NE,0.383305
Hamilton,NE,0.381813
Harlan,NE,0.371522
Hayes,NE,0.364387
Hitchcock,NE,0.353858
Holt,NE,0.351343
Hooker,NE,0.35039
Howard,NE,0.344414
Jefferson,NE,0.313091
Johnson,NE,0.305176
Kearney,NE,0.294478
Keith,NE,0.293995
KeyaPaha,NE,0.288075
Kimball,NE,0.287826
Knox,NE,0.281563
Lancaster,NE,0.270005
Lincoln,NE,0.251369
Logan,NE,0.244665
Loup,NE,0.242641
Madison,NE,0.234437
McPherson,NE,0.210075
Merrick,NE,0.204329
Morrill,NE,0.181353
Nance,NE,0.177024
Nemaha,NE,0.174132
Nuckolls,NE,0.163588
Otoe,NE,0.155115
Pawnee,NE,0.148109
Perkins,NE,0.146272
Phelps,NE,0.144454
Pierce,NE,0.141781
Platte,NE,0.137489
Polk,NE,0.133735
RedWillow,NE,0.122603
Richardson,NE,0.120781
Rock,NE,0.117328
Saline,NE,0.111807
Sarpy,NE,0.107126
Saunders,NE,0.106186
ScottsBluff,NE,0.10522
Seward,NE,0.104069
Sheridan,NE,0.102046
Sherman,NE,0.100466
Sioux,NE,0.099753
Stanton,NE,0.094273
Thayer,NE,0.085309
Thomas,NE,0.085294
Thurston,NE,0.085043
Valley,NE,0.076046
Washington,NE,0.066366
Wayne,NE,0.064553
Webster,NE,0.062601
Wheeler,NE,0.058825
York,NE,0.039485
Belknap,NH,0.580696
Carroll,NH,0.534138
Cheshire,NH,0.525607
Coos,NH,0.505367
Grafton,NH,0.409028
Hillsborough,NH,0.354606
Merrimack,NH,0.204041
Rockingham,NH,0.117129
Strafford,NH,0.091113
Sullivan,NH,0.090852
Atlantic,NJ,0.605911
Bergen,NJ,0.575335
Burlington,NJ,0.547468
Camden,NJ,0.539621
CapeMay,NJ,0.536931
Cumberland,NJ,0.496278
Essex,NJ,0.454651
Gloucester,NJ,0.412457
Hudson,NJ,0.342979
Hunterdon,NJ,0.340236
Mercer,NJ,0.205964
Middlesex,NJ,0.202161
Monmouth,NJ,0.192607
Morris,NJ,0.181004
Ocean,NJ,0.162386
Passaic,NJ,0.148916
Salem,NJ,0.113242
Somerset,NJ,0.098485
Sussex,NJ,0.087483
Union,NJ,0.077996
Warren,NJ,0.07034
Bernalillo,NM,0.573803
Catron,NM,0.531194
Chaves,NM,0.527085
Cibola,NM,0.522061
Colfax,NM,0.510528
Curry,NM,0.494638
DeBaca,NM,0.484672
Do?aAna,NM,0.472869
Eddy,NM,0.463094
Grant,NM,0.405812
Guadalupe,NM,0.387568
Harding,NM,0.373039
Hidalgo,NM,0.355383
Lea,NM,0.263727
Lincoln,NM,0.253304
LosAlamos,NM,0.24407
Luna,NM,0.240993
McKinley,NM,0.212449
Mora,NM,0.184634
Otero,NM,0.155178
Quay,NM,0.126877
RioArriba,NM,0.11912
Roosevelt,NM,0.116401
Sandoval,NM,0.111069
SanJuan,NM,0.109624
SanMiguel,NM,0.108058
SantaFe,NM,0.107808
Sierra,NM,0.100394
Socorro,NM,0.09853
Taos,NM,0.087137
Torrance,NM,0.08174
Union,NM,0.07799
Valencia,NM,0.076088
CarsonCity,NV,0.533985
Churchill,NV,0.522181
Clark,NV,0.521253
Douglas,NV,0.470683
Elko,NV,0.458668
Esmeralda,NV,0.455234
Eureka,NV,0.451626
Humboldt,NV,0.34174
Lander,NV,0.269846
Lincoln,NV,0.251719
Lyon,NV,0.239118
Mineral,NV,0.198848
Nye,NV,0.162959
Pershing,NV,0.145246
Storey,NV,0.091117
Washoe,NV,0.064635
WhitePine,NV,0.056939
Albany,NY,0.679829
Allegany,NY,0.660503
Bronx,NY,0.554775
Broome,NY,0.55373
Cattaraugus,NY,0.531113
Cayuga,NY,0.531015
Chautauqua,NY,0.527184
Chemung,NY,0.526248
Chenango,NY,0.52618
Clinton,NY,0.514288
Columbia,NY,0.509671
Cortland,NY,0.504723
Delaware,NY,0.481481
Dutchess,NY,0.46585
Erie,NY,0.456053
Essex,NY,0.452732
Franklin,NY,0.435695
Fulton,NY,0.426681
Genesee,NY,0.417403
Greene,NY,0.395788
Hamilton,NY,0.381524
Herkimer,NY,0.356937
Jefferson,NY,0.315694
Kings,NY,0.28675
Lewis,NY,0.257729
Livingston,NY,0.247261
Madison,NY,0.233284
Monroe,NY,0.191378
Montgomery,NY,0.185932
Nassau,NY,0.175639
NewYork,NY,0.169107
Niagara,NY,0.168506
Oneida,NY,0.158705
Onondaga,NY,0.15862
Ontario,NY,0.158535
Orange,NY,0.157365
Orleans,NY,0.156634
Oswego,NY,0.155268
Otsego,NY,0.155103
Putnam,NY,0.127893
Queens,NY,0.126433
Rensselaer,NY,0.121925
Richmond,NY,0.120104
Rockland,NY,0.116952
Saratoga,NY,0.107461
Schenectady,NY,0.106143
Schoharie,NY,0.106123
Schuyler,NY,0.106074
Seneca,NY,0.104182
St.Lawrence,NY,0.094973
Steuben,NY,0.092685
Suffolk,NY,0.09107
Sullivan,NY,0.091061
Tioga,NY,0.083623
Tompkins,NY,0.081765
Ulster,NY,0.078039
Warren,NY,0.070297
Washington,NY,0.066493
Wayne,NY,0.064553
Westchester,NY,0.06076
Wyoming,NY,0.045305
Yates,NY,0.043287
Adams,OH,0.690899
Allen,OH,0.649776
Ashland,OH,0.612108
Ashtabula,OH,0.60928
Athens,OH,0.60615
Auglaize,OH,0.601993
Belmont,OH,0.580247
Brown,OH,0.552251
Butler,OH,0.547155
Carroll,OH,0.534065
Champaign,OH,0.52897
Clark,OH,0.520745
Clermont,OH,0.514677
Clinton,OH,0.513794
Columbiana,OH,0.507901
Coshocton,OH,0.504601
Crawford,OH,0.499671
Cuyahoga,OH,0.493346
Darke,OH,0.490321
Defiance,OH,0.482363
Delaware,OH,0.481693
Erie,OH,0.455794
Fairfield,OH,0.449569
Fayette,OH,0.446389
Franklin,OH,0.437303
Fulton,OH,0.426977
Gallia,OH,0.423472
Geauga,OH,0.418065
Greene,OH,0.396495
Guernsey,OH,0.387107
Hamilton,OH,0.382821
Hancock,OH,0.379431
Hardin,OH,0.373131
Harrison,OH,0.367921
Henry,OH,0.35812
Highland,OH,0.355249
Hocking,OH,0.353713
Holmes,OH,0.351636
Huron,OH,0.33995
Jackson,OH,0.32261
Jefferson,OH,0.314216
Knox,OH,0.281305
Lake,OH,0.274214
Lawrence,OH,0.264178
Licking,OH,0.254506
Logan,OH,0.244716
Lorain,OH,0.24417
Lucas,OH,0.241699
Madison,OH,0.233621
Mahoning,OH,0.231542
Marion,OH,0.227105
Medina,OH,0.208044
Meigs,OH,0.207542
Mercer,OH,0.20517
Miami,OH,0.203317
Monroe,OH,0.189111
Montgomery,OH,0.186787
Morgan,OH,0.183119
Morrow,OH,0.180246
Muskingum,OH,0.1777
Noble,OH,0.167245
Ottawa,OH,0.15474
Paulding,OH,0.148385
Perry,OH,0.14528
Pickaway,OH,0.143612
Pike,OH,0.140984
Portage,OH,0.133173
Preble,OH,0.131367
Putnam,OH,0.127579
Richland,OH,0.120744
Ross,OH,0.115422
Sandusky,OH,0.110617
Scioto,OH,0.106026
Seneca,OH,0.104178
Shelby,OH,0.102327
Stark,OH,0.093086
Summit,OH,0.090795
Trumbull,OH,0.081136
Tuscarawas,OH,0.079833
Union,OH,0.077938
VanWert,OH,0.075902
Vinton,OH,0.074155
Warren,OH,0.070326
Washington,OH,0.064663
Wayne,OH,0.062707
Williams,OH,0.054973
Wood,OH,0.051088
Wyandot,OH,0.045325
Adair,OK,0.740399
Alfalfa,OK,0.665746
Atoka,OK,0.605322
Beaver,OK,0.583815
Beckham,OK,0.582783
Blaine,OK,0.569355
Bryan,OK,0.551363
Caddo,OK,0.543962
Canadian,OK,0.537606
Carter,OK,0.533881
Cherokee,OK,0.526149
Choctaw,OK,0.522881
Cimarron,OK,0.52206
Cleveland,OK,0.514641
Coal,OK,0.512829
Comanche,OK,0.506823
Cotton,OK,0.503696
Craig,OK,0.502262
Creek,OK,0.498807
Custer,OK,0.493778
Delaware,OK,0.481789
Dewey,OK,0.476665
Ellis,OK,0.458428
Garfield,OK,0.421677
Garvin,OK,0.420065
Grady,OK,0.409032
Grant,OK,0.40487
Greer,OK,0.391352
Harmon,OK,0.371149
Harper,OK,0.370784
Haskell,OK,0.365537
Hughes,OK,0.342197
Jackson,OK,0.327108
Jefferson,OK,0.316384
Johnston,OK,0.302784
Kay,OK,0.29477
Kingfisher,OK,0.28756
Kiowa,OK,0.284661
Latimer,OK,0.266785
LeFlore,OK,0.260188
Lincoln,OK,0.252221
Logan,OK,0.245588
Love,OK,0.242608
Major,OK,0.231248
Marshall,OK,0.223516
Mayes,OK,0.21809
McClain,OK,0.217601
McCurtain,OK,0.216658
McIntosh,OK,0.213677
Murray,OK,0.178613
Muskogee,OK,0.177563
Noble,OK,0.167877
Nowata,OK,0.163844
Okfuskee,OK,0.159647
Oklahoma,OK,0.159477
Okmulgee,OK,0.15907
Osage,OK,0.156449
Ottawa,OK,0.154973
Pawnee,OK,0.148223
Payne,OK,0.148004
Pittsburg,OK,0.138886
Pontotoc,OK,0.133584
Pottawatomie,OK,0.13277
Pushmataha,OK,0.128123
RogerMills,OK,0.116891
Rogers,OK,0.116836
Seminole,OK,0.104212
Sequoyah,OK,0.104157
Stephens,OK,0.092884
Texas,OK,0.08533
Tillman,OK,0.083631
Tulsa,OK,0.079909
Wagoner,OK,0.074067
Washington,OK,0.06832
Washita,OK,0.06464
Woods,OK,0.049173
Woodward,OK,0.049143
Baker,OR,0.5979
Benton,OR,0.57623
Clackamas,OR,0.522013
Clatsop,OR,0.519001
Columbia,OR,0.508904
Coos,OR,0.505504
Crook,OR,0.49836
Curry,OR,0.493985
Deschutes,OR,0.478893
Douglas,OR,0.470455
Gilliam,OR,0.415203
Grant,OR,0.404212
Harney,OR,0.37081
HoodRiver,OR,0.350927
Jackson,OR,0.32551
Jefferson,OR,0.317877
Josephine,OR,0.300496
Klamath,OR,0.284073
Lake,OR,0.274271
Lane,OR,0.269689
Lincoln,OR,0.252158
Linn,OR,0.249495
Malheur,OR,0.231089
Marion,OR,0.228144
Morrow,OR,0.180295
Multnomah,OR,0.179174
Polk,OR,0.135453
Sherman,OR,0.100513
Tillamook,OR,0.083647
Umatilla,OR,0.078006
Union,OR,0.07794
Wallowa,OR,0.072261
Wasco,OR,0.070237
Washington,OR,0.06843
Wheeler,OR,0.058834
Yamhill,OR,0.043359
Adams,PA,0.704067
Allegheny,PA,0.653821
Armstrong,PA,0.613554
Beaver,PA,0.583618
Bedford,PA,0.58121
Berks,PA,0.573888
Blair,PA,0.568861
Bradford,PA,0.558678
Bucks,PA,0.549835
Butler,PA,0.546513
Cambria,PA,0.539644
Cameron,PA,0.538596
Carbon,PA,0.536693
Centre,PA,0.530362
Chester,PA,0.525251
Clarion,PA,0.521338
Clearfield,PA,0.5155
Clinton,PA,0.51354
Columbia,PA,0.50886
Crawford,PA,0.500647
Cumberland,PA,0.495821
Dauphin,PA,0.49012
Delaware,PA,0.481742
Elk,PA,0.459178
Erie,PA,0.455449
Fayette,PA,0.446628
Forest,PA,0.440223
Franklin,PA,0.433451
Fulton,PA,0.426233
Greene,PA,0.394935
Huntingdon,PA,0.340126
Indiana,PA,0.3354
Jefferson,PA,0.311459
Juniata,PA,0.299019
Lackawanna,PA,0.279409
Lancaster,PA,0.269911
Lawrence,PA,0.264284
Lebanon,PA,0.263403
Lehigh,PA,0.260024
Luzerne,PA,0.240703
Lycoming,PA,0.240277
McKean,PA,0.213146
Mercer,PA,0.20594
Mifflin,PA,0.20064
Monroe,PA,0.192107
Montgomery,PA,0.186294
Montour,PA,0.185187
Northampton,PA,0.165955
Northumberland,PA,0.164462
Perry,PA,0.145355
Philadelphia,PA,0.144247
Pike,PA,0.141133
Potter,PA,0.132059
Schuylkill,PA,0.106037
Snyder,PA,0.098573
Somerset,PA,0.098457
Sullivan,PA,0.090853
Susquehanna,PA,0.088917
Tioga,PA,0.083606
Union,PA,0.07794
Venango,PA,0.075803
Warren,PA,0.070289
Washington,PA,0.066488
Wayne,PA,0.064516
Westmoreland,PA,0.060741
Wyoming,PA,0.045301
York,PA,0.039489
Bristol,RI,0.555249
Kent,RI,0.291103
Newport,RI,0.170891
Providence,RI,0.129599
Washington,RI,0.066502
Aiken,SC,0.687281
Allendale,SC,0.647059
Anderson,SC,0.636081
Bamberg,SC,0.596774
Barnwell,SC,0.59088
Beaufort,SC,0.583928
Berkeley,SC,0.575256
Calhoun,SC,0.542616
Charleston,SC,0.528269
Cherokee,SC,0.526081
Chester,SC,0.525554
Chesterfield,SC,0.524716
Clarendon,SC,0.521401
Colleton,SC,0.510489
Darlington,SC,0.490261
Dillon,SC,0.474737
Dorchester,SC,0.471425
Edgefield,SC,0.461351
Fairfield,SC,0.449672
Florence,SC,0.443694
Georgetown,SC,0.41695
Greenville,SC,0.391637
Greenwood,SC,0.391594
Hampton,SC,0.380006
Horry,SC,0.348652
Jasper,SC,0.32178
Kershaw,SC,0.289276
Lancaster,SC,0.270124
Laurens,SC,0.265681
Lee,SC,0.262285
Lexington,SC,0.256622
Marion,SC,0.228261
Marlboro,SC,0.224907
McCormick,SC,0.217368
Newberry,SC,0.172177
Oconee,SC,0.162154
Orangeburg,SC,0.156975
Pickens,SC,0.14287
Richland,SC,0.120768
Saluda,SC,0.111531
Spartanburg,SC,0.096853
Sumter,SC,0.08924
Union,SC,0.077974
Williamsburg,SC,0.054972
York,SC,0.039489
Aurora,SD,0.601801
Beadle,SD,0.584092
Bennett,SD,0.577508
BonHomme,SD,0.565915
Brookings,SD,0.554663
Brown,SD,0.55247
Brule,SD,0.552011
Buffalo,SD,0.54963
Butte,SD,0.54545
Campbell,SD,0.53763
CharlesMix,SD,0.5284
Clark,SD,0.520524
Clay,SD,0.518114
Codington,SD,0.51243
Corson,SD,0.504851
Custer,SD,0.493706
Davison,SD,0.487915
Day,SD,0.486037
Deuel,SD,0.477129
Dewey,SD,0.476751
Douglas,SD,0.470253
Edmunds,SD,0.460708
FallRiver,SD,0.449472
Faulk,SD,0.447832
Grant,SD,0.403331
Gregory,SD,0.391145
Haakon,SD,0.386204
Hamlin,SD,0.380883
Hand,SD,0.377204
Hanson,SD,0.374837
Harding,SD,0.372384
Hughes,SD,0.342034
Hutchinson,SD,0.339355
Hyde,SD,0.339229
Jackson,SD,0.327836
Jerauld,SD,0.309447
Jones,SD,0.300837
Kingsbury,SD,0.286337
Lake,SD,0.274087
Lawrence,SD,0.264304
Lincoln,SD,0.25072
Lyman,SD,0.240206
Marshall,SD,0.223037
McCook,SD,0.217397
McPherson,SD,0.210356
Meade,SD,0.210037
Mellette,SD,0.20746
Miner,SD,0.19898
Minnehaha,SD,0.197552
Moody,SD,0.185165
Pennington,SD,0.147579
Perkins,SD,0.146234
Potter,SD,0.132587
Roberts,SD,0.11879
Sanborn,SD,0.111369
Shannon,SD,0.104032
Spink,SD,0.096822
Stanley,SD,0.094635
Sully,SD,0.090837
Todd,SD,0.083197
Tripp,SD,0.081638
Turner,SD,0.079849
Union,SD,0.077916
Walworth,SD,0.072214
Yankton,SD,0.04334
Ziebach,SD,0.021816
County,State,0.503525
Anderson,TN,0.635404
Bedford,TN,0.581779
Benton,TN,0.575977
Bledsoe,TN,0.568454
Blount,TN,0.567388
Bradley,TN,0.558475
Campbell,TN,0.537973
Cannon,TN,0.537243
Carroll,TN,0.534966
Carter,TN,0.533817
Cheatham,TN,0.527048
Chester,TN,0.525213
Claiborne,TN,0.521663
Clay,TN,0.517071
Cocke,TN,0.512612
Coffee,TN,0.512312
Crockett,TN,0.498383
Cumberland,TN,0.495272
Davidson,TN,0.490071
Decatur,TN,0.48357
DeKalb,TN,0.48208
Dickson,TN,0.47498
Dyer,TN,0.465557
Fayette,TN,0.447154
Fentress,TN,0.445952
Franklin,TN,0.433733
Gibson,TN,0.416583
Giles,TN,0.416043
Grainger,TN,0.408181
Greene,TN,0.395002
Grundy,TN,0.388898
Hamblen,TN,0.383081
Hamilton,TN,0.382516
Hancock,TN,0.377305
Hardeman,TN,0.374404
Hardin,TN,0.37352
Hawkins,TN,0.36453
Haywood,TN,0.363501
Henderson,TN,0.360954
Henry,TN,0.358512
Hickman,TN,0.355694
Houston,TN,0.346081
Humphreys,TN,0.340524
Jackson,TN,0.322705
Jefferson,TN,0.313703
Johnson,TN,0.303982
Knox,TN,0.282706
Lake,TN,0.274929
Lauderdale,TN,0.266234
Lawrence,TN,0.264193
Lewis,TN,0.257856
Lincoln,TN,0.251685
Loudon,TN,0.243451
Macon,TN,0.237089
Madison,TN,0.235096
Marion,TN,0.226629
Marshall,TN,0.222199
Maury,TN,0.218284
McMinn,TN,0.211107
McNairy,TN,0.210673
Meigs,TN,0.207597
Monroe,TN,0.190698
Montgomery,TN,0.187391
Moore,TN,0.184907
Morgan,TN,0.183062
Obion,TN,0.162466
Overton,TN,0.15326
Perry,TN,0.145877
Pickett,TN,0.142482
Polk,TN,0.133605
Putnam,TN,0.127889
Rhea,TN,0.120942
Roane,TN,0.1189
Robertson,TN,0.118745
Rutherford,TN,0.114355
Scott,TN,0.105533
Sequatchie,TN,0.104158
Sevier,TN,0.104126
Shelby,TN,0.102487
Smith,TN,0.098635
Stewart,TN,0.091164
Sullivan,TN,0.090902
Sumner,TN,0.089349
Tipton,TN,0.083544
Trousdale,TN,0.081522
Unicoi,TN,0.078
Union,TN,0.077885
VanBuren,TN,0.076008
Warren,TN,0.070329
Washington,TN,0.06651
Wayne,TN,0.064549
Weakley,TN,0.062675
White,TN,0.058792
Williamson,TN,0.054949
Wilson,TN,0.053081
Anderson,TX,0.637752
Andrews,TX,0.633302
Angelina,TX,0.63216
Aransas,TX,0.618892
Archer,TX,0.61602
Armstrong,TX,0.614029
Atascosa,TX,0.607962
Austin,TX,0.601515
Bailey,TX,0.600308
Bandera,TX,0.596651
Bastrop,TX,0.58712
Baylor,TX,0.584416
Bee,TX,0.580794
Bell,TX,0.580366
Bexar,TX,0.572351
Blanco,TX,0.568622
Borden,TX,0.562471
Bosque,TX,0.562048
Bowie,TX,0.560247
Brazoria,TX,0.557514
Brazos,TX,0.557299
Brewster,TX,0.556092
Briscoe,TX,0.556089
Brooks,TX,0.553946
Brown,TX,0.553171
Burleson,TX,0.547671
Burnet,TX,0.547463
Caldwell,TX,0.543411
Calhoun,TX,0.542742
Callahan,TX,0.540574
Cameron,TX,0.538618
Camp,TX,0.538532
Carson,TX,0.533994
Cass,TX,0.533092
Castro,TX,0.531761
Chambers,TX,0.529162
Cherokee,TX,0.526125
Childress,TX,0.523422
Clay,TX,0.517834
Cochran,TX,0.512615
Coke,TX,0.512089
Coleman,TX,0.510927
Collin,TX,0.510336
Collingsworth,TX,0.510092
Colorado,TX,0.510019
Comal,TX,0.506892
Comanche,TX,0.506809
Concho,TX,0.506692
Cooke,TX,0.505581
Coryell,TX,0.50471
Cottle,TX,0.50425
Crane,TX,0.501683
Crockett,TX,0.498411
Crosby,TX,0.49819
Culberson,TX,0.497338
Dallam,TX,0.492199
Dallas,TX,0.491683
Dawson,TX,0.487133
DeafSmith,TX,0.484996
Delta,TX,0.48026
Denton,TX,0.479367
DeWitt,TX,0.476636
Dickens,TX,0.476376
Dimmit,TX,0.474727
Donley,TX,0.471552
Duval,TX,0.46567
Eastland,TX,0.464117
Ector,TX,0.463244
Edwards,TX,0.460697
Ellis,TX,0.458456
ElPaso,TX,0.457789
Erath,TX,0.456246
Falls,TX,0.449114
Fannin,TX,0.448628
Fayette,TX,0.447005
Fisher,TX,0.444622
Floyd,TX,0.443172
Foard,TX,0.442237
FortBend,TX,0.439377
Franklin,TX,0.436011
Freestone,TX,0.428644
Frio,TX,0.427547
Gaines,TX,0.42533
Galveston,TX,0.423247
Garza,TX,0.4194
Gillespie,TX,0.415404
Glasscock,TX,0.413556
Goliad,TX,0.410927
Gonzales,TX,0.410254
Gray,TX,0.400875
Grayson,TX,0.399805
Gregg,TX,0.391267
Grimes,TX,0.389537
Guadalupe,TX,0.387933
Hale,TX,0.385703
Hall,TX,0.383902
Hamilton,TX,0.381897
Hansford,TX,0.375931
Hardeman,TX,0.374213
Hardin,TX,0.374067
Harris,TX,0.369438
Harrison,TX,0.369299
Hartley,TX,0.366097
Haskell,TX,0.365845
Hays,TX,0.364027
Hemphill,TX,0.361963
Henderson,TX,0.361586
Hidalgo,TX,0.355321
Hill,TX,0.355
Hockley,TX,0.35363
Hood,TX,0.351069
Hopkins,TX,0.349206
Houston,TX,0.347223
Howard,TX,0.345283
Hudspeth,TX,0.34282
Hunt,TX,0.340296
Hutchinson,TX,0.33988
Irion,TX,0.332459
Jack,TX,0.327965
Jackson,TX,0.327182
Jasper,TX,0.320766
JeffDavis,TX,0.318486
Jefferson,TX,0.318249
JimHogg,TX,0.307153
JimWells,TX,0.307059
Johnson,TX,0.305944
Jones,TX,0.302568
Karnes,TX,0.296087
Kaufman,TX,0.295255
Kendall,TX,0.292522
Kenedy,TX,0.292515
Kent,TX,0.291266
Kerr,TX,0.289577
Kimble,TX,0.287823
King,TX,0.287773
Kinney,TX,0.285366
Kleberg,TX,0.283897
Knox,TX,0.282973
Lamar,TX,0.271839
Lamb,TX,0.271199
Lampasas,TX,0.270605
LaSalle,TX,0.267365
Lavaca,TX,0.265591
Lee,TX,0.262304
Leon,TX,0.259286
Liberty,TX,0.255723
Limestone,TX,0.254379
Lipscomb,TX,0.248465
LiveOak,TX,0.247636
Llano,TX,0.245625
Loving,TX,0.242373
Lubbock,TX,0.242081
Lynn,TX,0.239477
Madison,TX,0.236175
Marion,TX,0.227945
Martin,TX,0.221518
Mason,TX,0.220816
Matagorda,TX,0.218989
Maverick,TX,0.21814
McCulloch,TX,0.216792
McLennan,TX,0.211734
McMullen,TX,0.210779
Medina,TX,0.208152
Menard,TX,0.207306
Midland,TX,0.201142
Milam,TX,0.200594
Mills,TX,0.199684
Mitchell,TX,0.194971
Montague,TX,0.189081
Montgomery,TX,0.186906
Moore,TX,0.185116
Morris,TX,0.181255
Motley,TX,0.179978
Nacogdoches,TX,0.177268
Navarro,TX,0.174593
Newton,TX,0.170306
Nolan,TX,0.166932
Nueces,TX,0.163261
Ochiltree,TX,0.162179
Oldham,TX,0.159016
Orange,TX,0.157198
PaloPinto,TX,0.15042
Panola,TX,0.15
Parker,TX,0.149613
Parmer,TX,0.149502
Pecos,TX,0.147752
Polk,TX,0.135673
Potter,TX,0.132677
Presidio,TX,0.130781
Rains,TX,0.126114
Randall,TX,0.125556
Reagan,TX,0.122701
Real,TX,0.122701
RedRiver,TX,0.122613
Reeves,TX,0.122572
Refugio,TX,0.122385
Roberts,TX,0.11878
Robertson,TX,0.11875
Rockwall,TX,0.116944
Runnels,TX,0.115288
Rusk,TX,0.115222
Sabine,TX,0.113538
SanAugustine,TX,0.111492
SanJacinto,TX,0.1098
SanPatricio,TX,0.107994
SanSaba,TX,0.107987
Schleicher,TX,0.106127
Scurry,TX,0.104335
Shackelford,TX,0.104035
Shelby,TX,0.102445
Sherman,TX,0.10058
Smith,TX,0.098671
Somervell,TX,0.098303
Starr,TX,0.093
Stephens,TX,0.092905
Sterling,TX,0.09269
Stonewall,TX,0.091119
Sutton,TX,0.087453
Swisher,TX,0.087403
Tarrant,TX,0.08713
Taylor,TX,0.08559
Terrell,TX,0.085454
Terry,TX,0.085413
Throckmorton,TX,0.085152
Titus,TX,0.083417
TomGreen,TX,0.081766
Travis,TX,0.081702
Trinity,TX,0.081664
Tyler,TX,0.079764
Upshur,TX,0.077853
Upton,TX,0.077751
Uvalde,TX,0.076098
ValVerde,TX,0.076038
VanZandt,TX,0.075859
Victoria,TX,0.074164
Walker,TX,0.073982
Waller,TX,0.072265
Ward,TX,0.072185
Washington,TX,0.06844
Webb,TX,0.062672
Wharton,TX,0.058873
Wheeler,TX,0.058838
Wichita,TX,0.056905
Wilbarger,TX,0.0569
Willacy,TX,0.054981
Williamson,TX,0.054954
Wilson,TX,0.053083
Winkler,TX,0.053021
Wise,TX,0.051106
Wood,TX,0.051089
Yoakum,TX,0.041412
Young,TX,0.039476
Zapata,TX,0.035581
Zavala,TX,0.023784
Beaver,UT,0.583735
BoxElder,UT,0.559965
Cache,UT,0.544458
Carbon,UT,0.536736
Daggett,UT,0.492832
Davis,UT,0.488337
Duchesne,UT,0.46851
Emery,UT,0.457449
Garfield,UT,0.42165
Grand,UT,0.408091
Iron,UT,0.332227
Juab,UT,0.300237
Kane,UT,0.296868
Millard,UT,0.200522
Morgan,UT,0.183007
Piute,UT,0.138268
Rich,UT,0.120788
SaltLake,UT,0.111537
SanJuan,UT,0.109298
Sanpete,UT,0.107989
Sevier,UT,0.104099
Summit,UT,0.089381
Tooele,UT,0.08176
Uintah,UT,0.079542
Utah,UT,0.076101
Wasatch,UT,0.070281
Washington,UT,0.066524
Wayne,UT,0.064471
Weber,UT,0.062653
Accomack,VA,0.742224
Albemarle,VA,0.678912
Alexandria,VA,0.667286
Alleghany,VA,0.655844
Amelia,VA,0.642001
Amherst,VA,0.641294
Appomattox,VA,0.61956
Arlington,VA,0.614293
Augusta,VA,0.601825
Bath,VA,0.586224
Bedford,VA,0.582159
Bedford,VA,0.581402
Bland,VA,0.568621
Botetourt,VA,0.561931
Bristol,VA,0.555597
Brunswick,VA,0.551609
Buchanan,VA,0.550431
Buckingham,VA,0.550134
BuenaVista,VA,0.549745
Campbell,VA,0.538474
Caroline,VA,0.536147
Carroll,VA,0.534441
Charles,VA,0.52841
Charlotte,VA,0.528236
Charlottesville,VA,0.528056
Chesapeake,VA,0.52574
Chesterfield,VA,0.52487
Clarke,VA,0.519308
ColonialHeights,VA,0.51002
Covington,VA,0.502985
Craig,VA,0.502044
Culpeper,VA,0.49686
Cumberland,VA,0.49616
Danville,VA,0.490589
Dickenson,VA,0.476363
Dinwiddie,VA,0.474382
Emporia,VA,0.456357
Essex,VA,0.453534
Fairfax,VA,0.450788
Fairfax,VA,0.450722
FallsChurch,VA,0.448921
Fauquier,VA,0.447298
Floyd,VA,0.442392
Fluvanna,VA,0.442307
Franklin,VA,0.4376
Franklin,VA,0.433827
Frederick,VA,0.428968
Fredericksburg,VA,0.428922
Galax,VA,0.425044
Giles,VA,0.415755
Gloucester,VA,0.412397
Goochland,VA,0.410139
Grayson,VA,0.399682
Greene,VA,0.396034
Greensville,VA,0.392314
Halifax,VA,0.384641
Hampton,VA,0.380116
Hanover,VA,0.376986
Harrisonburg,VA,0.367073
Henrico,VA,0.359584
Henry,VA,0.358659
Highland,VA,0.355081
Hopewell,VA,0.350166
IsleofWight,VA,0.33106
James,VA,0.322012
KingandQueen,VA,0.287661
KingGeorge,VA,0.287184
KingWilliam,VA,0.285672
Lancaster,VA,0.27049
Lee,VA,0.260291
Lexington,VA,0.256443
Loudoun,VA,0.243245
Louisa,VA,0.243114
Lunenburg,VA,0.240787
Lynchburg,VA,0.239856
Madison,VA,0.234079
Manassas,VA,0.230844
ManassasPark,VA,0.230831
Martinsville,VA,0.221056
Mathews,VA,0.218352
Mecklenburg,VA,0.208756
Middlesex,VA,0.201435
Montgomery,VA,0.185617
Nelson,VA,0.174237
NewKent,VA,0.171133
NewportNews,VA,0.17074
Norfolk,VA,0.16622
Northampton,VA,0.166047
Northumberland,VA,0.16484
Norton,VA,0.164305
Nottoway,VA,0.163973
Orange,VA,0.157249
Page,VA,0.151094
Patrick,VA,0.148795
Petersburg,VA,0.144761
Pittsylvania,VA,0.13854
Poquoson,VA,0.133204
Portsmouth,VA,0.133064
Powhatan,VA,0.131644
PrinceEdward,VA,0.13005
PrinceGeorge,VA,0.129985
PrinceWilliam,VA,0.129649
Pulaski,VA,0.12821
Radford,VA,0.126151
Rappahannock,VA,0.122757
Richmond,VA,0.120558
Richmond,VA,0.119786
Roanoke,VA,0.118813
Roanoke,VA,0.118799
Rockbridge,VA,0.117302
Rockingham,VA,0.117162
Russell,VA,0.114507
Salem,VA,0.112892
Scott,VA,0.105692
Shenandoah,VA,0.102263
Smyth,VA,0.098613
Southampton,VA,0.098249
Spotsylvania,VA,0.096806
Stafford,VA,0.094772
Staunton,VA,0.092995
Suffolk,VA,0.091101
Surry,VA,0.089001
Sussex,VA,0.088647
Tazewell,VA,0.085533
VirginiaBeach,VA,0.07415
Warren,VA,0.070326
Washington,VA,0.064656
Waynesboro,VA,0.062677
Westmoreland,VA,0.060744
Williamsburg,VA,0.054973
Winchester,VA,0.053062
Wise,VA,0.051104
Wythe,VA,0.04525
York,VA,0.039496
Addison,VT,0.687803
Bennington,VT,0.577476
Caledonia,VT,0.542753
Chittenden,VT,0.522902
Essex,VT,0.452343
Franklin,VT,0.431605
GrandIsle,VT,0.406226
Lamoille,VT,0.271108
Orange,VT,0.157048
Orleans,VT,0.15662
Rutland,VT,0.113589
Washington,VT,0.066452
Windham,VT,0.053053
Windsor,VT,0.053029
Adams,WA,0.725821
Asotin,WA,0.608758
Benton,WA,0.576528
Chelan,WA,0.526534
Clallam,WA,0.52163
Clark,WA,0.521018
Columbia,WA,0.509607
Cowlitz,WA,0.502412
Douglas,WA,0.471196
Ferry,WA,0.445415
Franklin,WA,0.43831
Garfield,WA,0.420775
Grant,WA,0.405581
GraysHarbor,WA,0.39999
Island,WA,0.331073
Jefferson,WA,0.314997
King,WA,0.287773
Kitsap,WA,0.28449
Kittitas,WA,0.284304
Klickitat,WA,0.283615
Lewis,WA,0.258441
Lincoln,WA,0.251051
Mason,WA,0.220799
Okanogan,WA,0.160221
Pacific,WA,0.151364
PendOreille,WA,0.147623
Pierce,WA,0.142399
SanJuan,WA,0.10928
Skagit,WA,0.09872
Skamania,WA,0.09868
Snohomish,WA,0.098588
Spokane,WA,0.096809
Stevens,WA,0.091196
Thurston,WA,0.083652
Wahkiakum,WA,0.07406
WallaWalla,WA,0.072285
Whatcom,WA,0.05887
Whitman,WA,0.056913
Yakima,WA,0.043378
Adams,WI,0.702974
Ashland,WI,0.61266
Barron,WI,0.590487
Bayfield,WI,0.584464
Brown,WI,0.552901
Buffalo,WI,0.548693
Burnett,WI,0.54735
Calumet,WI,0.540075
Chippewa,WI,0.523222
Clark,WI,0.520622
Columbia,WI,0.508792
Crawford,WI,0.499691
Dane,WI,0.491073
Dodge,WI,0.472156
Door,WI,0.471441
Douglas,WI,0.470384
Dunn,WI,0.466856
EauClaire,WI,0.463465
Florence,WI,0.443599
FondduLac,WI,0.441937
Forest,WI,0.439907
Grant,WI,0.401652
Green,WI,0.397632
GreenLake,WI,0.393122
Iowa,WI,0.333362
Iron,WI,0.332047
Jackson,WI,0.323943
Jefferson,WI,0.314582
Juneau,WI,0.299511
Kenosha,WI,0.29183
Kewaunee,WI,0.288881
LaCrosse,WI,0.278265
Lafayette,WI,0.276935
Langlade,WI,0.269504
Lincoln,WI,0.250378
Manitowoc,WI,0.230244
Marathon,WI,0.230233
Marinette,WI,0.228668
Marquette,WI,0.224328
Menominee,WI,0.206504
Milwaukee,WI,0.199379
Monroe,WI,0.190787
Oconto,WI,0.161554
Oneida,WI,0.158663
Outagamie,WI,0.153383
Ozaukee,WI,0.151642
Pepin,WI,0.146515
Pierce,WI,0.141828
Polk,WI,0.133718
Portage,WI,0.133124
Price,WI,0.130165
Racine,WI,0.126275
Richland,WI,0.120681
Rock,WI,0.117742
Rusk,WI,0.115174
Sauk,WI,0.106199
Sawyer,WI,0.106156
Shawano,WI,0.103683
Sheboygan,WI,0.103473
St.Croix,WI,0.096637
Taylor,WI,0.085537
Trempealeau,WI,0.08168
Vernon,WI,0.074172
Vilas,WI,0.074161
Walworth,WI,0.072207
Washburn,WI,0.068452
Washington,WI,0.066452
Waukesha,WI,0.064606
Waupaca,WI,0.064597
Waushara,WI,0.064586
Winnebago,WI,0.051141
Wood,WI,0.049227
Barbour,WV,0.591439
Berkeley,WV,0.574996
Boone,WV,0.56384
Braxton,WV,0.557926
Brooke,WV,0.554672
Cabell,WV,0.544823
Calhoun,WV,0.541652
Clay,WV,0.516501
Doddridge,WV,0.472853
Fayette,WV,0.446437
Gilmer,WV,0.414858
Grant,WV,0.401421
Greenbrier,WV,0.397456
Hampshire,WV,0.380285
Hancock,WV,0.379061
Hardy,WV,0.372207
Harrison,WV,0.367977
Jackson,WV,0.322565
Jefferson,WV,0.315611
Kanawha,WV,0.297434
Lewis,WV,0.257511
Lincoln,WV,0.24973
Logan,WV,0.244653
Marion,WV,0.226106
Marshall,WV,0.221893
Mason,WV,0.219504
McDowell,WV,0.215075
Mercer,WV,0.205962
Mineral,WV,0.19837
Mingo,WV,0.198294
Monongalia,WV,0.192409
Monroe,WV,0.189117
Morgan,WV,0.181884
Nicholas,WV,0.168441
Ohio,WV,0.160784
Pendleton,WV,0.147659
Pleasants,WV,0.13712
Pocahontas,WV,0.136421
Preston,WV,0.130468
Putnam,WV,0.127553
Raleigh,WV,0.126037
Randolph,WV,0.124158
Ritchie,WV,0.118947
Roane,WV,0.118863
Summers,WV,0.090818
Taylor,WV,0.08555
Tucker,WV,0.079928
Tyler,WV,0.079747
Upshur,WV,0.077837
Wayne,WV,0.062683
Webster,WV,0.062549
Wetzel,WV,0.060726
Wirt,WV,0.05111
Wood,WV,0.049218
Wyoming,WV,0.045299
Albany,WY,0.678917
BigHorn,WY,0.572044
Campbell,WY,0.53813
Carbon,WY,0.536856
Converse,WY,0.50622
Crook,WY,0.498248
Fremont,WY,0.42817
Goshen,WY,0.409694
HotSprings,WY,0.348191
Johnson,WY,0.304168
Laramie,WY,0.268435
Lincoln,WY,0.250934
Natrona,WY,0.174799
Niobrara,WY,0.168155
Park,WY,0.149833
Platte,WY,0.137328
Sheridan,WY,0.101972
Sublette,WY,0.091102
Sweetwater,WY,0.087426
Teton,WY,0.085386
Uinta,WY,0.079646
Washakie,WY,0.070175
Weston,WY,0.060728
ALABAMA,,0.686301
ALASKA,,0.681081
ARIZONA,,0.614376
ARKANSAS,,0.614333
CALIFORNIA,,0.540785
COLORADO,,0.510018
CONNECTICUT,,0.506295
DELAWARE,,0.481823
DISTRICTOFCOLUMBIA,,0.473889
FLORIDA,,0.443375
GEORGIA,,0.416587
HAWAII,,0.364597
IDAHO,,0.337808
ILLINOIS,,0.337266
INDIANA,,0.335713
IOWA,,0.33402
KANSAS,,0.29651
KENTUCKY,,0.290244
LOUISIANA,,0.242813
MAINE,,0.231321
MARYLAND,,0.220857
MASSACHUSETTS,,0.219285
MICHIGAN,,0.202235
MINNESOTA,,0.197058
MISSISSIPPI,,0.196666
MISSOURI,,0.195607
MONTANA,,0.188762
NEBRASKA,,0.174502
NEVADA,,0.172835
NEWHAMPSHIRE,,0.171841
NEWJERSEY,,0.171436
NEWMEXICO,,0.170943
NEWYORK,,0.169087
NORTHCAROLINA,,0.165345
NORTHDAKOTA,,0.165339
OHIO,,0.161008
OKLAHOMA,,0.159084
OREGON,,0.156895
PENNSYLVANIA,,0.14702
RHODEISLAND,,0.120892
SOUTHCAROLINA,,0.098241
SOUTHDAKOTA,,0.098051
TENNESSEE,,0.085481
TEXAS,,0.08533
UNITEDSTATES,,0.077857
UTAH,,0.076115
VERMONT,,0.074186
VIRGINIA,,0.074155
WASHINGTON,,0.06843
WESTVIRGINIA,,0.060728
WISCONSIN,,0.051106
WYOMING,,0.045308
