state,county,Obama,Romney
AL,Autauga,26.6,72.6
AL,Baldwin,21.6,77.4
AL,Barbour,51.3,48.3
AL,Bibb,26.2,73.1
AL,Blount,12.3,86.5
AL,Bullock,76.3,23.5
AL,Butler,46.1,53.6
AL,Calhoun,33.5,65.5
AL,Chambers,47.1,52.2
AL,Cherokee,21.8,76.8
AL,Chilton,19.5,79.8
AL,Choctaw,47.5,52.1
AL,Clarke,45.7,54
AL,Clay,26.7,72.3
AL,Cleburne,15.4,83.6
AL,Coffee,24.8,74.2
AL,Colbert,39.2,59.6
AL,Conecuh,50.6,49
AL,Coosa,41.7,57.8
AL,Covington,20.5,78.8
AL,Crenshaw,31.9,67.5
AL,Cullman,14.6,84.2
AL,Dale,28.5,70.6
AL,Dallas,69.7,30
AL,DeKalb,22,76.8
AL,Elmore,25.2,74
AL,Escambia,36.9,62.5
AL,Etowah,30.1,68.5
AL,Fayette,22.8,76.3
AL,Franklin,29.2,69.7
AL,Geneva,18,81
AL,Greene,84.7,15
AL,Hale,62.6,37.1
AL,Henry,35,64.4
AL,Houston,29.5,69.8
AL,Jackson,28.3,70.2
AL,Jefferson,52.6,46.6
AL,Lamar,23,76.2
AL,Lauderdale,33.9,64.8
AL,Lawrence,35.9,62.9
AL,Lee,39.3,59.2
AL,Limestone,27.7,71.4
AL,Lowndes,76.4,23.3
AL,Macon,87.1,12.7
AL,Madison,40,58.6
AL,Marengo,53.5,46.2
AL,Marion,18.6,80.1
AL,Marshall,19.3,79.4
AL,Mobile,45,54.3
AL,Monroe,45.9,53.7
AL,Montgomery,61.9,37.6
AL,Morgan,27.2,71.8
AL,Perry,74.8,24.8
AL,Pickens,46.3,53.3
AL,Pike,42.7,56.5
AL,Randolph,29.6,69.5
AL,Russell,55.6,43.9
AL,St. Clair,16.5,82.6
AL,Shelby,21.6,77.3
AL,Sumter,77.2,22.6
AL,Talladega,41.7,57.7
AL,Tallapoosa,33.5,65.9
AL,Tuscaloosa,40.8,58.2
AL,Walker,23,75.9
AL,Washington,33.9,65.6
AL,Wilcox,74.3,25.6
AL,Winston,13.2,85.6
AR,Ashley,36.1,61.5
AR,Baxter,26.7,70.8
AR,Benton,28.6,69
AR,Boone,24.5,72.5
AR,Bradley,39.8,58.3
AR,Calhoun,30.4,67.1
AR,Carroll,36.3,60.2
AR,Chicot,60.7,38.3
AR,Clark,45.3,51.7
AR,Clay,34,63.1
AR,Cleburne,22.5,74.6
AR,Cleveland,25.9,70.8
AR,Columbia,37.6,61.2
AR,Conway,38.9,58.4
AR,Craighead,33.2,64.2
AR,Crawford,23.7,73.6
AR,Crittenden,58.6,39.9
AR,Cross,34.1,63.9
AR,Dallas,43.4,54
AR,Desha,55.5,42.6
AR,Drew,39.6,58.6
AR,Faulkner,32.8,64.5
AR,Franklin,26.4,70.8
AR,Fulton,32.1,65.2
AR,Garland,33.9,63.8
AR,Grant,22.6,74.5
AR,Greene,29.1,65.9
AR,Hempstead,35.6,61.9
AR,Hot Spring,34,63.1
AR,Howard,33,64.8
AR,Independence,26.5,70.4
AR,Izard,29.4,67.2
AR,Jackson,39.2,57.4
AR,Jefferson,63.8,34.8
AR,Johnson,34.5,62.6
AR,Lafayette,40.1,58.5
AR,Lawrence,32.3,63.8
AR,Lee,61.5,37.4
AR,Lincoln,38.2,59
AR,Little River,30.7,67
AR,Logan,27.4,69.3
AR,Lonoke,23.3,74.2
AR,Madison,32,64.9
AR,Marion,28.8,67.9
AR,Miller,29.5,69.3
AR,Mississippi,48.3,49.4
AR,Monroe,49,49.1
AR,Montgomery,27,69.6
AR,Nevada,38.8,59
AR,Newton,27.1,68.5
AR,Ouachita,44.9,53.5
AR,Perry,30.1,65.5
AR,Phillips,65.6,32.8
AR,Pike,22.4,75.2
AR,Poinsett,31.6,65.8
AR,Polk,20.2,77.1
AR,Pope,25.1,72.3
AR,Prairie,28,68.6
AR,Pulaski,54.7,43.3
AR,Randolph,34.3,62.2
AR,Saint Francis,58,41
AR,Saline,27.3,70
AR,Scott,24.6,72.3
AR,Searcy,22,73.1
AR,Sebastian,30.2,67.3
AR,Sevier,24.1,72.4
AR,Sharp,28.7,67.6
AR,Stone,25.3,70.5
AR,Union,36,62.3
AR,Van Buren,28.4,67.9
AR,Washington,40.1,56.3
AR,White,21.7,75.5
AR,Woodruff,49.9,45.7
AR,Yell,28.8,67.7
AZ,Apache,66.1,32.2
AZ,Cochise,37.1,61.1
AZ,Coconino,56.3,41.4
AZ,Gila,36,62.4
AZ,Graham,30.4,68.1
AZ,Greenlee,44.1,53.5
AZ,La Paz,32.9,65.1
AZ,Maricopa,43.1,55.2
AZ,Mohave,27.8,70.4
AZ,Navajo,45.2,53.5
AZ,Pima,52.1,46.3
AZ,Pinal,40.6,57.7
AZ,Santa Cruz,68.3,30.5
AZ,Yavapai,33.7,64.5
AZ,Yuma,41.3,57.5
CA,Alameda,78.5,18.7
CA,Alpine,60.1,36.5
CA,Amador,39.2,58.2
CA,Butte,46.4,50.3
CA,Calaveras,40.1,57.1
CA,Colusa,38.3,60
CA,Contra Costa,65.7,32
CA,Del Norte,42.8,53.6
CA,El Dorado,39.6,57.8
CA,Fresno,47.6,50.6
CA,Glenn,35.8,61.3
CA,Humboldt,60,33.8
CA,Imperial,63.6,34.8
CA,Inyo,42.7,54.5
CA,Kern,38.5,59.4
CA,Kings,40.8,57
CA,Lake,56.3,39.8
CA,Lassen,28.7,68.5
CA,Los Angeles,68.9,28.8
CA,Madera,39.2,58.7
CA,Marin,74,23.5
CA,Mariposa,39.5,56.8
CA,Mendocino,66.2,28.6
CA,Merced,51.7,46.3
CA,Modoc,27.9,69.7
CA,Mono,52.3,44.8
CA,Monterey,65.9,31.9
CA,Napa,61.7,36
CA,Nevada,46.2,50.9
CA,Orange,44.8,53
CA,Placer,38.9,58.9
CA,Plumas,40.2,57.4
CA,Riverside,48.8,49.2
CA,Sacramento,57,40.6
CA,San Benito,57.6,40.4
CA,San Bernardino,51.6,46.2
CA,San Diego,51.5,46.4
CA,San Francisco,83.4,13.3
CA,San Joaquin,53.5,44.6
CA,San Luis Obispo,49,48
CA,San Mateo,71.3,26.6
CA,Santa Barbara,57.2,40.1
CA,Santa Clara,69.8,27.7
CA,Santa Cruz,75.2,21.1
CA,Shasta,33.6,63.9
CA,Sierra,36.6,59.4
CA,Siskiyou,40.6,56.2
CA,Solano,62.9,34.9
CA,Sonoma,70.8,26
CA,Stanislaus,49.2,48.4
CA,Sutter,38.1,59.9
CA,Tehama,34.8,62.2
CA,Trinity,47.1,48.2
CA,Tulare,40.1,57.9
CA,Tuolumne,40.6,56.5
CA,Ventura,51.6,46.3
CA,Yolo,65.2,32
CA,Yuba,38.8,58.3
DC,District of Columbia,91.4,7.1
DE,Delaware,58.6,40
DE,Kent,51.7,46.8
DE,New Castle,66.3,32.2
DE,Sussex,42.9,55.9
HI,Hawaii,70.6,27.8
HI,Honolulu,68.9,29.8
HI,Kauai,73.5,24.1
HI,Maui,74.1,23.8
IA,Adair,45.2,53.3
IA,Adams,47.2,51.1
IA,Allamakee,51.5,47.3
IA,Appanoose,47.5,51.1
IA,Audubon,46.8,52.3
IA,Benton,49.1,49.7
IA,Black Hawk,59.4,39.4
IA,Boone,52.4,45.9
IA,Bremer,50.8,48.3
IA,Buchanan,56.3,42.4
IA,Buena Vista,44.3,54.7
IA,Butler,44.2,54.6
IA,Calhoun,43,55.7
IA,Carroll,46.4,52.7
IA,Cass,39.8,58.8
IA,Cedar,51.6,47.2
IA,Cerro Gordo,56.1,42.8
IA,Cherokee,41.2,57.4
IA,Chickasaw,55,43.9
IA,Clarke,49.7,48.3
IA,Clay,40,58.7
IA,Clayton,52.8,45.9
IA,Clinton,60.8,37.9
IA,Crawford,45.4,53.6
IA,Dallas,43.6,55.3
IA,Davis,40.6,57.1
IA,Decatur,47,51
IA,Delaware,49.4,49.6
IA,Des Moines,58.6,40.1
IA,Dickinson,40.4,58.4
IA,Dubuque,56.6,42.1
IA,Emmet,44.9,53.8
IA,Fayette,55.4,43.5
IA,Floyd,56.8,42.1
IA,Franklin,44,54.9
IA,Fremont,44.8,53.9
IA,Greene,49.3,49.4
IA,Grundy,38,61
IA,Guthrie,43.9,54.2
IA,Hamilton,48,50.6
IA,Hancock,42.6,56.2
IA,Hardin,45.8,53
IA,Harrison,43,55.7
IA,Henry,46.3,52.3
IA,Howard,59.8,38.8
IA,Humboldt,38.4,60.5
IA,Ida,36.3,62.8
IA,Iowa,0.3,0.3
IA,Jackson,57.8,41
IA,Jasper,52.8,45.7
IA,Jefferson,56.8,40.8
IA,Johnson,66.9,31.4
IA,Jones,53.2,45.4
IA,Keokuk,44,54.4
IA,Kossuth,43.3,55.6
IA,Lee,57.2,41.2
IA,Linn,58.1,40.5
IA,Louisa,49.8,49.1
IA,Lucas,46.3,52.6
IA,Lyon,21.9,76.8
IA,Madison,43.1,55.2
IA,Mahaska,39,59.6
IA,Marion,42.6,55.9
IA,Marshall,53.9,44.9
IA,Mills,39.6,58.7
IA,Mitchell,50.7,47.4
IA,Monona,44.6,54.3
IA,Monroe,45.5,53.2
IA,Montgomery,38.4,60
IA,Muscatine,56.8,41.3
IA,O'Brien,26.9,72.1
IA,Osceola,28.6,70
IA,Page,36.9,61.8
IA,Palo Alto,43.7,54.5
IA,Plymouth,32.1,66.4
IA,Pocahontas,38,59.8
IA,Polk,56.4,42.2
IA,Pottawattamie,46.4,52.2
IA,Poweshiek,53.8,44.7
IA,Ringgold,45.8,53
IA,Sac,40.3,58.7
IA,Scott,56.3,42.6
IA,Shelby,38.2,60.5
IA,Sioux,15.6,83.6
IA,Story,55.8,42
IA,Tama,53,45.6
IA,Taylor,42.3,56.4
IA,Union,51.3,47.5
IA,Van Buren,39.5,58.1
IA,Wapello,55.1,43.4
IA,Warren,48.4,50.4
IA,Washington,46.7,50.9
IA,Wayne,43.3,54.9
IA,Webster,52.2,46.7
IA,Winnebago,49.3,49.3
IA,Winneshiek,56.7,41.9
IA,Woodbury,49.3,49.5
IA,Worth,56.6,42.1
IA,Wright,45.3,53.6
ID,Ada,42.7,54
ID,Adams,28,68.6
ID,Bannock,37.5,59.6
ID,Bear Lake,10.7,88.2
ID,Benewah,30,66.8
ID,Bingham,21.7,76.4
ID,Blaine,58.8,38.6
ID,Boise,28.5,68.3
ID,Bonner,35.1,61.3
ID,Bonneville,22.9,74.7
ID,Boundary,27,69.1
ID,Butte,20.1,77.8
ID,Camas,27.5,69.6
ID,Canyon,30.1,67.1
ID,Caribou,12.6,85.5
ID,Cassia,13,85.3
ID,Clark,20.1,71.6
ID,Clearwater,27.9,68.8
ID,Custer,22.5,74.1
ID,Elmore,31.4,65.3
ID,Franklin,5.8,92.8
ID,Fremont,14,84.6
ID,Gem,26.1,70.9
ID,Gooding,25.1,72.2
ID,Idaho County,22.2,75.1
ID,Jefferson,11.4,86.9
ID,Jerome,25.4,71.9
ID,Kootenai,31.5,65.8
ID,Latah,49.6,45.3
ID,Lemhi,23.4,73.7
ID,Lewis,24.6,72.8
ID,Lincoln,26.4,70.3
ID,Madison,5.8,93.3
ID,Minidoka,19.9,78
ID,Nez Perce,38.3,59.2
ID,Oneida,10.4,88
ID,Owyhee,22.4,75
ID,Payette,26.7,70.7
ID,Power,33.8,64.4
ID,Shoshone,44.2,52.4
ID,Teton,42.6,54.3
ID,Twin Falls,26.8,70.3
ID,Valley,42.6,54.2
ID,Washington,25.5,72.2
IL,Adams,31.5,66.7
IL,Alexander,56.1,42.5
IL,Bond,41.2,55.9
IL,Boone,46.3,52
IL,Brown,33.3,64
IL,Bureau,48.9,49.1
IL,Calhoun,41.9,55.9
IL,Carroll,49.6,48.2
IL,Cass,42.2,55.7
IL,Champaign,52,45.2
IL,Christian,37.4,60.4
IL,Clark,33,65.5
IL,Clay,26.8,70.9
IL,Clinton,34,64
IL,Coles,43.4,54.5
IL,Cook,74,24.6
IL,Crawford,33.2,64.9
IL,Cumberland,31,66.3
IL,DeKalb,51.6,46.1
IL,DeWitt,35.4,62.4
IL,Douglas,30.8,67.6
IL,DuPage,49.7,48.7
IL,Edgar,32.8,65.6
IL,Edwards,23.4,74.5
IL,Effingham,23.2,75.3
IL,Fayette,31.8,66.4
IL,Ford,27.6,70.4
IL,Franklin,40.5,57.3
IL,Fulton,54.3,43.2
IL,Gallatin,40,58.1
IL,Greene,36,61.4
IL,Grundy,44.5,53.4
IL,Hamilton,32.2,65.2
IL,Hancock,39.4,58.5
IL,Hardin,31.8,65.9
IL,Henderson,55.5,43.2
IL,Henry,50.7,47.6
IL,Iroquois,26.7,71.4
IL,Jackson,53.4,43.1
IL,Jasper,28.5,69.7
IL,Jefferson,37.3,60.1
IL,Jersey,36.8,60.7
IL,JoDaviess,49.6,48.5
IL,Johnson,27.7,69.9
IL,Kane,49.6,48.7
IL,Kankakee,47.5,50.9
IL,Kendall,47.1,51.2
IL,Knox,57.7,40.6
IL,Lake,53.4,45.3
IL,LaSalle,48.8,49.2
IL,Lawrence,33.6,64.4
IL,Lee,45.4,52.7
IL,Livingston,33.4,64.9
IL,Logan,33,65.1
IL,McDonough,47.9,49.4
IL,McHenry,44.7,53.5
IL,McLean,43.4,54.5
IL,Macon,46.5,51.8
IL,Macoupin,45.1,52.1
IL,Madison,48.1,49.5
IL,Marion,39.5,58.7
IL,Marshall,42,56.3
IL,Mason,45.7,52.1
IL,Massac,32.2,65.9
IL,Menard,34.1,64.2
IL,Mercer,52.8,45.4
IL,Monroe,35.6,62.5
IL,Montgomery,41.7,55.9
IL,Morgan,41.2,56.6
IL,Moultrie,35.4,62.5
IL,Ogle,40.7,57.4
IL,Peoria,51.3,46.9
IL,Perry,40,57.7
IL,Piatt,35.4,62.2
IL,Pike,31.3,66.7
IL,Pope,29.2,68.1
IL,Pulaski,46.3,52
IL,Putnam,49.7,47.9
IL,Randolph,40,57.6
IL,Richland,32.4,65.3
IL,Rock Island,60.2,38.4
IL,St. Clair,56.4,41.9
IL,Saline,34.5,63.5
IL,Sangamon,44.6,53.3
IL,Schuyler,44.5,53.1
IL,Scott,35.6,62.1
IL,Shelby,32.1,65.8
IL,Stark,41.1,57.4
IL,Stephenson,46.7,51.3
IL,Tazewell,40,57.9
IL,Union,37.9,59.8
IL,Vermilion,41.2,56.9
IL,Wabash,31,67.7
IL,Warren,52.1,46.3
IL,Washington,33.1,64.7
IL,Wayne,19.7,78
IL,White,31,67
IL,Whiteside,57.7,40.4
IL,Will,51.1,47.4
IL,Williamson,36.5,61.5
IL,Winnebago,52,46.3
IL,Woodford,29.5,68.7
IN,Adams,29.2,68.7
IN,Allen,40.9,57.6
IN,Bartholomew,36.2,61.7
IN,Benton,32.4,65.1
IN,Blackford,40.7,57.2
IN,Boone,30,67.8
IN,Brown,40.3,57
IN,Carroll,33.8,64.1
IN,Cass,38,59.6
IN,Clark,44.1,54
IN,Clay,33.2,64.7
IN,Clinton,33.5,64.2
IN,Crawford,44.5,52.7
IN,Daviess,23.8,74.5
IN,Dearborn,29.2,68.9
IN,Decatur,28.5,69.1
IN,DeKalb,33.2,64.9
IN,Delaware,50.4,47.3
IN,Dubois,35.2,62.9
IN,Elkhart,36,62.5
IN,Fayette,40.3,57.2
IN,Floyd,42,56.3
IN,Fountain,31.4,65.6
IN,Franklin,27.6,70.3
IN,Fulton,32.3,65.5
IN,Gibson,33.5,64.5
IN,Grant,38,60
IN,Greene,33.1,64.6
IN,Hamilton,32,66.3
IN,Hancock,28.4,69.4
IN,Harrison,37.4,60.2
IN,Hendricks,31.7,66.5
IN,Henry,40.1,57
IN,Howard,41.7,56
IN,Huntington,29.2,69
IN,Jackson,34.9,62.4
IN,Jasper,36.2,61.7
IN,Jay,38.8,58.8
IN,Jefferson,43.7,54.1
IN,Jennings,37.3,59.7
IN,Johnson,29.8,68.2
IN,Knox,34.5,63.5
IN,Kosciusko,22.8,75.1
IN,LaGrange,31.1,66.9
IN,Lake,64.9,33.9
IN,LaPorte,55.2,42.6
IN,Lawrence,32.4,65.2
IN,Madison,46.6,51.1
IN,Marion,60.2,38.1
IN,Marshall,34.6,63.4
IN,Martin,28.5,68.8
IN,Miami,33.1,64
IN,Monroe,56.9,40.4
IN,Montgomery,29.6,68.1
IN,Morgan,28.2,69.3
IN,Newton,39.1,58.2
IN,Noble,32.2,65.7
IN,Ohio,35.3,62.5
IN,Orange,37.9,59.5
IN,Owen,34.8,62.4
IN,Parke,32.4,65
IN,Perry,54.8,43.3
IN,Pike,35.9,61.2
IN,Porter,51,47.2
IN,Posey,37.1,60.8
IN,Pulaski,35.2,62.3
IN,Putnam,32.6,65.2
IN,Randolph,37,61
IN,Ripley,29.5,68.1
IN,Rush,31.6,65.9
IN,St. Joseph,51,47.5
IN,Scott,45.9,52.1
IN,Shelby,32,65.5
IN,Spencer,41.4,56.7
IN,Starke,43.5,54.1
IN,Steuben,35.4,62.5
IN,Sullivan,38.5,59.1
IN,Switzerland,42.3,55.1
IN,Tippecanoe,47,50.6
IN,Tipton,33,64.8
IN,Union,32.8,65.2
IN,Vanderburgh,43.7,54.6
IN,Vermillion,45.3,52.1
IN,Vigo,49.5,48.6
IN,Wabash,30.9,67.1
IN,Warren,34.9,62.6
IN,Warrick,35.7,62.3
IN,Washington,36.4,60.9
IN,Wayne,41.6,56.3
IN,Wells,26.6,71.6
IN,White,36.7,60.3
IN,Whitley,29.5,68.4
KS,Allen,35.3,62.5
KS,Anderson,28.6,68.6
KS,Atchison,38.3,59
KS,Barber,20.7,76.8
KS,Barton,22.4,76
KS,Bourbon,31.9,65.7
KS,Brown,26.9,70.8
KS,Butler,28,69.8
KS,Chase,27.8,69.5
KS,Chautauqua,17.2,80
KS,Cherokee,34.2,63.7
KS,Cheyenne,16.2,81.4
KS,Clark,17.1,79.1
KS,Clay,22.6,75.8
KS,Cloud,24,72.9
KS,Coffey,23,74.5
KS,Comanche,15.4,82.6
KS,Cowley,33.9,63.7
KS,Crawford,45.5,52
KS,Decatur,17.4,79.5
KS,Dickinson,25,72.7
KS,Doniphan,26.3,71.1
KS,Douglas,60.5,36.8
KS,Edwards,21.3,76.8
KS,Elk,20.4,76.7
KS,Ellis,27.1,70.9
KS,Ellsworth,26,71.2
KS,Finney,30.4,67.3
KS,Ford,30.5,67.5
KS,Franklin,33.4,63.8
KS,Geary,42,56.4
KS,Gove,12.7,84.4
KS,Graham,18.8,79.2
KS,Grant,19.7,78.6
KS,Gray,16,82.5
KS,Greeley,16.8,81.1
KS,Greenwood,24.1,73.4
KS,Hamilton,18.6,79.1
KS,Harper,23,73.8
KS,Harvey,37.4,60.5
KS,Haskell,14.9,83.5
KS,Hodgeman,17,81.6
KS,Jackson,34.2,63.5
KS,Jefferson,37.3,60.2
KS,Jewell,15.2,82.6
KS,Johnson,40.1,58
KS,Kearny,19.5,79
KS,Kingman,22.9,74.1
KS,Kiowa,14.1,85.6
KS,Labette,38.9,59
KS,Lane,18.5,79.8
KS,Leavenworth,38.8,59
KS,Lincoln,19.5,78.7
KS,Linn,25.8,71.7
KS,Logan,14.9,83.3
KS,Lyon,42.8,54.7
KS,McPherson,28.1,69.6
KS,Marion,25.5,72
KS,Marshall,31,66.7
KS,Meade,15.4,84.6
KS,Miami,31.7,66.4
KS,Mitchell,19.7,78.4
KS,Montgomery,28.2,69.6
KS,Morris,27.9,69.3
KS,Morton,14.4,84.2
KS,Nemaha,19.9,78.2
KS,Neosho,31.6,65.9
KS,Ness,14.9,84
KS,Norton,17.1,80.8
KS,Osage,32.9,64
KS,Osborne,17.8,80.4
KS,Ottawa,19,78.3
KS,Pawnee,27.4,70.5
KS,Phillips,14.8,83.4
KS,Pottawatomie,24.6,71.9
KS,Pratt,26,72.8
KS,Rawlins,13,85
KS,Reno,33,64.5
KS,Republic,17.8,79.5
KS,Rice,24.8,72.6
KS,Riley,42.4,55.1
KS,Rooks,15.2,82.2
KS,Rush,23.3,74.3
KS,Russell,18.6,79.8
KS,Saline,32.7,64.9
KS,Scott,13.4,84.3
KS,Sedgwick,39,58.7
KS,Seward,28.1,70.5
KS,Shawnee,48,49.7
KS,Sheridan,12.5,86.1
KS,Sherman,22.1,75.5
KS,Smith,17.4,80.6
KS,Stafford,22,75.4
KS,Stanton,18.9,80.1
KS,Stevens,12.1,86.3
KS,Sumner,29.1,68.6
KS,Thomas,17,80.5
KS,Trego,18.7,79.7
KS,Wabaunsee,28.1,69.1
KS,Wallace,8.7,89.9
KS,Washington,18,80.3
KS,Wichita,15.9,83.2
KS,Wilson,22,76
KS,Woodson,26.3,71.8
KS,Wyandotte,67.3,30.9
KY,Adair,21.8,76.9
KY,Allen,25.5,73
KY,Anderson,32.1,66.1
KY,Ballard,30.5,68
KY,Barren,32.6,65.9
KY,Bath,42.9,55.2
KY,Bell,23.5,75.2
KY,Boone,29.8,68.4
KY,Bourbon,38.9,59.3
KY,Boyd,40.8,57.2
KY,Boyle,36.1,62.3
KY,Bracken,35.5,62.8
KY,Breathitt,31.2,66.3
KY,Breckinridge,35.5,63.1
KY,Bullitt,31.4,67.1
KY,Butler,25.6,73.5
KY,Caldwell,31.6,66.6
KY,Calloway,35.3,62.7
KY,Campbell,37.5,60.3
KY,Carlisle,28.6,70.1
KY,Carroll,44.3,54.3
KY,Carter,38,59.3
KY,Casey,17.8,80.5
KY,Christian,37.6,61.4
KY,Clark,33.9,64.4
KY,Clay,15,83.7
KY,Clinton,17.1,81.2
KY,Crittenden,24.9,73.7
KY,Cumberland,21,77.7
KY,Daviess,38.5,59.6
KY,Edmonson,29.5,69.3
KY,Elliott,49.4,46.9
KY,Estill,26.2,72.3
KY,Fayette,49.3,48.3
KY,Fleming,33.1,65.4
KY,Floyd,31.8,65.7
KY,Franklin,49.4,48.6
KY,Fulton,41.2,57.4
KY,Gallatin,40.5,57.5
KY,Garrard,23.5,75
KY,Grant,32.7,65.8
KY,Graves,29.3,69.1
KY,Grayson,29.6,69.1
KY,Green,24,74.8
KY,Greenup,39.8,58.4
KY,Hancock,44.4,53.5
KY,Hardin,38.8,59.6
KY,Harlan,17.2,81.2
KY,Harrison,34.5,63.6
KY,Hart,34.5,64.3
KY,Henderson,43.5,55.3
KY,Henry,38.4,59.8
KY,Hickman,32.1,66.9
KY,Hopkins,29.3,69.2
KY,Jackson,12.1,86.2
KY,Jefferson,54.8,43.7
KY,Jessamine,29.1,69
KY,Johnson,19.1,78.5
KY,Kenton,36.8,61.2
KY,Knott,24.9,72.5
KY,Knox,22.4,76.3
KY,LaRue,30.1,67.9
KY,Laurel,17.4,81
KY,Lawrence,27.2,71.4
KY,Lee,22.7,75.4
KY,Leslie,8.7,89.7
KY,Letcher,19.4,77.8
KY,Lewis,28.1,69.7
KY,Lincoln,28.2,70.1
KY,Livingston,29.8,68.5
KY,Logan,33,65.6
KY,Lyon,35.8,62.8
KY,McCracken,32.9,65.4
KY,McCreary,18.7,80
KY,McLean,34.1,64.4
KY,Madison,34.6,63.4
KY,Magoffin,29.2,69.1
KY,Marion,46.7,51.9
KY,Marshall,32,66.2
KY,Martin,15,83.2
KY,Mason,37.7,61
KY,Meade,37.8,60.5
KY,Menifee,40.3,57.1
KY,Mercer,29.9,68.6
KY,Metcalfe,34.1,64
KY,Monroe,19.7,79.3
KY,Montgomery,36.1,62.4
KY,Morgan,30.6,67.6
KY,Muhlenberg,37.5,60.9
KY,Nelson,41.1,57.6
KY,Nicholas,36.7,61.4
KY,Ohio,31,67.1
KY,Oldham,30.9,67.5
KY,Owen,33,65.2
KY,Owsley,17.9,80.9
KY,Pendleton,33.6,64.3
KY,Perry,20,78.5
KY,Pike,23.9,74.4
KY,Powell,36.5,61.4
KY,Pulaski,19.1,79.7
KY,Robertson,36.4,61.9
KY,Rockcastle,17.6,80.9
KY,Rowan,45,52.8
KY,Russell,18.3,80.3
KY,Scott,36.6,61.7
KY,Shelby,35.6,63.2
KY,Simpson,37.4,61.4
KY,Spencer,30.2,67.9
KY,Taylor,30,69
KY,Todd,29.7,68.8
KY,Trigg,31.4,67.1
KY,Trimble,38.3,60.3
KY,Union,32.5,66.1
KY,Warren,38.3,60.1
KY,Washington,32,67
KY,Wayne,25.7,73.4
KY,Webster,32.3,65.9
KY,Whitley,20.5,78.3
KY,Wolfe,38.1,60.3
KY,Woodford,39.6,58.5
LA,Acadia,24.4,74.3
LA,Allen,28.1,69.8
LA,Ascension,32,66.3
LA,Assumption,43.3,55.3
LA,Avoyelles,35.7,62.6
LA,Beauregard,19.9,78.1
LA,Bienville,48.5,50.5
LA,Bossier,26.7,72
LA,Caddo,51.9,47
LA,Calcasieu,34.7,63.4
LA,Caldwell,21.5,77.2
LA,Cameron,10.9,87.1
LA,Catahoula,33.6,65.4
LA,Claiborne,44.8,54.2
LA,Concordia,40.9,58.1
LA,DeSoto,42.5,56.3
LA,East Baton Rouge,51.8,46.6
LA,East Carroll,66.3,33.2
LA,East Feliciana,45.5,52.9
LA,Evangeline,33.8,64.5
LA,Franklin,31.3,67.4
LA,Grant,16.4,81.7
LA,Iberia,36.3,62.6
LA,Iberville,56.1,42.7
LA,Jackson,30.6,68.2
LA,Jefferson,39.8,58.2
LA,Jeff Davis,25.4,72.9
LA,Lafayette,32.2,65.9
LA,Lafourche,24.6,73.2
LA,LaSalle,11.6,87.1
LA,Lincoln,41.9,56.6
LA,Livingston,13.8,84.2
LA,Madison,60.8,38.6
LA,Morehouse,46.7,52.3
LA,Natchitoches,46,52.6
LA,Orleans,80.3,17.8
LA,Ouachita,38.9,59.8
LA,Plaquemines,35.1,63.2
LA,Pointe Coupee,44.8,53.9
LA,Rapides,34.5,64.1
LA,Red River,46.9,51.7
LA,Richland,35.4,63.6
LA,Sabine,21.8,77
LA,St. Bernard,36.2,60.9
LA,St. Charles,35.1,62.9
LA,St. Helena,59.7,38.9
LA,St. James,56.9,42
LA,St. John the Baptist,62.4,36.1
LA,St. Landry,47.2,51.6
LA,St. Martin,37,61.6
LA,St. Mary,40,58.7
LA,St. Tammany,22.8,75
LA,Tangipahoa,35.4,63.1
LA,Tensas,55.6,43.7
LA,Terrebonne,28.5,69.7
LA,Union,28.6,70.2
LA,Vermilion,22.9,75.7
LA,Vernon,20.3,77.8
LA,Washington,35.1,63.4
LA,Webster,36.9,61.9
LA,West Baton Rouge,44.6,54.2
LA,West Carroll,18.8,79.8
LA,West Feliciana,42.3,56.4
LA,Winn,29.4,69.5
MA,Abington,49.8,49.1
MA,Acton,65.7,32.5
MA,Acushnet,57.1,41.3
MA,Adams,77.1,20.9
MA,Agawam,50.8,47.9
MA,Alford,76.6,21.1
MA,Amesbury,57.4,41
MA,Amherst,82.8,12.6
MA,Andover,49.9,48.7
MA,Aquinnah,84.5,12.8
MA,Arlington,72,25.8
MA,Ashburnham,50.5,47.6
MA,Ashby,45.2,52.5
MA,Ashfield,79.6,16.7
MA,Ashland,58.2,40
MA,Athol,53.6,43.9
MA,Attleboro,54.2,43.9
MA,Auburn,51.2,46.9
MA,Avon,51,47.2
MA,Ayer,55.5,42.7
MA,Barnstable,50.5,48.3
MA,Barre,50.1,47.7
MA,Becket,70.7,26.8
MA,Bedford,58.2,39.9
MA,Belchertown,59.9,38
MA,Bellingham,77.2,20.3
MA,Belmont,64.7,33.6
MA,Berkley,47.6,51.1
MA,Berlin,50.9,46
MA,Bernardston,69.4,28.2
MA,Beverly,58.5,40.2
MA,Billerica,48.9,49.6
MA,Blackstone,51.5,47
MA,Blandford,45.5,52.7
MA,Bolton,50.5,47.8
MA,Boston,78.9,19.4
MA,Bourne,46.8,52.1
MA,Boxborough,59.3,38.7
MA,Boxford,39.8,59
MA,Boylston,47.9,50.1
MA,Braintree,51.5,47.4
MA,Brewster,56.3,42.2
MA,Bridgewater,48,50.7
MA,Brimfield,43.9,53.6
MA,Brockton,73.7,25.4
MA,Brookfield,47.8,49.6
MA,Brookline,77.9,20.5
MA,Buckland,72.5,24.4
MA,Burlington,52.3,46.5
MA,Cambridge,86.1,10.9
MA,Canton,52.2,46.7
MA,Carlisle,58.5,39.4
MA,Carver,47.5,51.4
MA,Charlemont,71.4,26
MA,Charlton,43.4,54.6
MA,Chatham,49.6,49.4
MA,Chelmsford,49.4,49
MA,Chelsea,80.7,18
MA,Cheshire,69.8,28.3
MA,Chester,50.1,46.1
MA,Chesterfield,63.5,31.8
MA,Chicopee,62.3,35.9
MA,Chilmark,80.5,17.5
MA,Clarksburg,71.5,27.1
MA,Clinton,57.6,40.4
MA,Cohasset,45.8,53.4
MA,Colrain,70.1,26.3
MA,Concord,66.4,32
MA,Conway,74.1,23
MA,Cummington,69.7,26.3
MA,Dalton,71.8,26.2
MA,Danvers,50.6,48.1
MA,Dartmouth,61.3,37.2
MA,Dedham,56.7,42
MA,Deerfield,69.7,27.8
MA,Dennis,52.9,45.9
MA,Dighton,48,50.8
MA,Douglas,42,56.4
MA,Dover,42.8,56.1
MA,Dracut,45.6,52.9
MA,Dudley,48.7,50.2
MA,Dunstable,43.4,54.7
MA,Duxbury,43.9,55.1
MA,East Bridgewater,45.8,53
MA,East Brookfield,40.9,57.8
MA,Eastham,59.5,39.3
MA,Easthampton,69.8,27.4
MA,East Longmeadow,46.9,52
MA,Easton,47.5,51.4
MA,Edgartown,66.3,32.3
MA,Egremont,80.5,18
MA,Erving,72.3,26
MA,Essex,53.5,44.6
MA,Everett,71.6,27.3
MA,Fairhaven,60.8,37.3
MA,Fall River,73.7,24.9
MA,Falmouth,56.8,41.9
MA,Fitchburg,59.2,38.8
MA,Florida,65.3,32.6
MA,Foxborough,49.1,49.7
MA,Framingham,66.2,32.3
MA,Franklin,49.4,49.1
MA,Freetown,49.7,48.4
MA,Gardner,57.2,40.6
MA,Georgetown,46.2,52.4
MA,Gill,72.8,23.9
MA,Gloucester,62.7,35.7
MA,Goshen,64.3,32.2
MA,Gosnold,56.3,41.4
MA,Grafton,51.4,46.8
MA,Granby,53.4,45
MA,Granville,42,56.4
MA,Great Barrington,81.3,16.6
MA,Greenfield,74,22.7
MA,Groton,52.4,45.9
MA,Groveland,45.9,52.4
MA,Hadley,69,28.9
MA,Halifax,32.1,66.4
MA,Hamilton,48.7,49.6
MA,Hampden,44.3,54
MA,Hancock,59.7,37.2
MA,Hanover,40.2,59
MA,Hanson,45.1,53.9
MA,Hardwick,54.2,42.7
MA,Harvard,60.1,37.8
MA,Harwich,54,44.5
MA,Hatfield,66.9,31.4
MA,Haverhill,55.7,42.7
MA,Hawley,63.6,32.8
MA,Heath,68.5,29.1
MA,Hingham,47.8,51.2
MA,Hinsdale,68.9,28.1
MA,Holbrook,55,43.7
MA,Holden,48.1,50.4
MA,Holland,44.8,52.1
MA,Holliston,55.9,42.4
MA,Holyoke,76.2,22.2
MA,Hopedale,51.7,46.5
MA,Hopkinton,48.5,50.1
MA,Hubbardston,44.6,53.1
MA,Hudson,56.4,41.8
MA,Hull,58.9,39.8
MA,Huntington,50.4,43.6
MA,Ipswich,53.2,45.1
MA,Kingston,45.6,53.5
MA,Lakeville,41.7,57.1
MA,Lancaster,46.5,51.6
MA,Lanesborough,71.7,26.9
MA,Lawrence,83.3,15.8
MA,Lee,73.8,24.5
MA,Leicester,49.8,48.4
MA,Lenox,76,22.1
MA,Leominster,52.5,45.9
MA,Leverett,80.9,15
MA,Lexington,69.4,29
MA,Leyden,73.4,24.9
MA,Lincoln,69.9,28.8
MA,Littleton,54.2,43.8
MA,Longmeadow,56.3,42.5
MA,Lowell,66.9,31.3
MA,Ludlow,54.1,44.4
MA,Lunenburg,46.6,51.5
MA,Lynn,72.2,26.6
MA,Lynnfield,38.2,60.9
MA,Malden,71.3,27.3
MA,Manchester,54.3,44.3
MA,Mansfield,49.5,49
MA,Marblehead,55.2,43.9
MA,Marion,53.5,45.1
MA,Marlborough,57.3,41.1
MA,Marshfield,46.7,52.2
MA,Mashpee,49.9,49
MA,Mattapoisett,51.6,46.9
MA,Maynard,62.8,35
MA,Medfield,46.5,52.1
MA,Medford,67.9,30.3
MA,Medway,50,48.7
MA,Melrose,60.2,38.5
MA,Mendon,44.5,54
MA,Merrimac,51.7,46.5
MA,Methuen,51.5,47.4
MA,Middleborough,45.5,52.8
MA,Middlefield,69.4,26.5
MA,Middleton,41.4,57.5
MA,Milford,55.6,43
MA,Millbury,50.3,48.1
MA,Millis,51.1,47.1
MA,Millville,46.1,52.2
MA,Milton,60.1,38.7
MA,Monroe,60.4,39.6
MA,Monson,50.7,47.4
MA,Montague,76.3,20.7
MA,Monterey,78.8,18.3
MA,Montgomery,43.4,54
MA,Mount Washington,76.9,17.6
MA,Nahant,59.7,39.1
MA,Nantucket,62.8,35.8
MA,Natick,62.2,36.2
MA,Needham,60.4,38.5
MA,New Ashford,69.9,26.1
MA,New Bedford,75.9,22.7
MA,New Braintree,50.6,46
MA,Newbury,51.3,47.4
MA,Newburyport,61.6,36.9
MA,New Marlborough,68.4,28.7
MA,New Salem,62.9,33.8
MA,Newton,71.4,27
MA,Norfolk,42.5,56.1
MA,North Adams,77.5,20
MA,Northampton,82.4,13.7
MA,North Andover,46.2,52.8
MA,North Attleborough,46.7,51.8
MA,Northborough,52.3,46.1
MA,Northbridge,44.8,53.5
MA,North Brookfield,44.4,53.7
MA,Northfield,68.5,29.1
MA,North Reading,45.6,53.1
MA,Norton,49.2,49.1
MA,Norwell,42,57
MA,Norwood,55.5,43.1
MA,Oak Bluffs,70.3,28.6
MA,Oakham,44.4,53.1
MA,Orange,56.2,41
MA,Orleans,55.9,43
MA,Otis,59,37.5
MA,Oxford,48.1,50.2
MA,Palmer,53.6,44
MA,Paxton,44.7,54.1
MA,Peabody,55.8,43.2
MA,Pelham,82.1,14.9
MA,Pembroke,46.9,52
MA,Pepperell,45.3,52.9
MA,Peru,68.4,28.7
MA,Petersham,55.4,41.5
MA,Phillipston,48.8,49.3
MA,Pittsfield,78,20.2
MA,Plainfield,74.3,21.6
MA,Plainville,47,51.6
MA,Plymouth,50.8,47.9
MA,Plympton,44.6,53.4
MA,Princeton,48.3,49.9
MA,Provincetown,89.1,8.8
MA,Quincy,61.5,36.9
MA,Randolph,75.6,23.5
MA,Raynham,46.2,52.5
MA,Reading,52.2,46.6
MA,Rehoboth,46.5,51.9
MA,Revere,65.9,32.9
MA,Richmond,74.5,24.5
MA,Rochester,43.6,54.5
MA,Rockland,52.4,46.2
MA,Rockport,62.9,35.2
MA,Rowe,58.1,38.2
MA,Rowley,44.6,54
MA,Royalston,57.8,39.5
MA,Russell,49.2,49
MA,Rutland,46.3,52.1
MA,Salem,69.1,29
MA,Salisbury,53.3,45.3
MA,Sandisfield,64.6,33.8
MA,Sandwich,46.7,52.2
MA,Saugus,50.9,48
MA,Savoy,67.9,29
MA,Scituate,48.8,50
MA,Seekonk,51.9,46.5
MA,Sharon,63.4,35.4
MA,Sheffield,70.5,27.5
MA,Shelburne,77,19.9
MA,Sherborn,53.9,44.4
MA,Shirley,49.6,47.3
MA,Shrewsbury,53.6,45.2
MA,Shutesbury,82.2,12.5
MA,Somerset,61.5,37.1
MA,Somerville,82.2,14.1
MA,Southampton,53.3,45.3
MA,Southborough,50.6,47.9
MA,Southbridge,64.4,34.7
MA,South Hadley,61.2,37.1
MA,Southwick,41.8,56.5
MA,Spencer,47.3,50.4
MA,Springfield,79.7,19.2
MA,Sterling,42.5,55.9
MA,Stockbridge,78.1,18.7
MA,Stoneham,53.6,45.1
MA,Stoughton,58.5,40.3
MA,Stow,55.2,43
MA,Sturbridge,47.9,49.9
MA,Sudbury,57.5,41.4
MA,Sunderland,73.2,21.7
MA,Sutton,40.7,57.6
MA,Swampscott,59.7,39
MA,Swansea,57.2,41.5
MA,Taunton,59.6,38.8
MA,Templeton,49.2,49
MA,Tewksbury,46.9,51.8
MA,Tisbury,74.2,23.9
MA,Tolland,39.6,55.8
MA,Topsfield,44.9,54
MA,Townsend,42.4,55.4
MA,Truro,71,27.2
MA,Tyngsborough,45.1,53.4
MA,Tyringham,67.1,32.9
MA,Upton,47.3,50.8
MA,Uxbridge,46.3,51.9
MA,Wakefield,51.7,47
MA,Wales,51.7,46.8
MA,Walpole,45.5,53.3
MA,Waltham,62.8,35.2
MA,Ware,56.2,42
MA,Wareham,55.9,42.7
MA,Warren,52.9,43.5
MA,Warwick,73.7,24.1
MA,Washington,75.9,21.9
MA,Watertown,71.1,27
MA,Wayland,62.4,36
MA,Webster,51.8,46.4
MA,Wellesley,56.7,42.2
MA,Wellfleet,69.9,27.6
MA,Wendell,76.6,12.6
MA,Wenham,44.8,53.6
MA,Westborough,55.8,42.6
MA,West Boylston,48.7,50
MA,West Bridgewater,43.8,54.8
MA,West Brookfield,49.5,48.8
MA,Westfield,52,46.1
MA,Westford,49.5,48.8
MA,Westhampton,60.4,36.4
MA,Westminster,45.4,52.5
MA,West Newbury,50,48.7
MA,Weston,51.2,47.7
MA,Westport,59.1,39.3
MA,West Springfield,53.6,44.9
MA,West Stockbridge,79.8,18.2
MA,West Tisbury,79.5,18.8
MA,Westwood,48.2,50.6
MA,Weymouth,54.4,44.3
MA,Whately,65.2,31.4
MA,Whitman,49.2,49.2
MA,Wilbraham,45.6,52.8
MA,Williamsburg,76.4,20
MA,Williamstown,80.9,17.2
MA,Wilmington,47.2,51.5
MA,Winchendon,51.5,46.5
MA,Winchester,54.8,43.9
MA,Windsor,73.8,24.3
MA,Winthrop,58.6,40.2
MA,Woburn,53.5,45.2
MA,Worcester,69,29.2
MA,Worthington,66.5,28.8
MA,Wrentham,42.7,55.9
MA,Yarmouth,51.8,47
MD,Allegany,32.4,65.3
MD,Anne Arundel,48.5,49.4
MD,Baltimore,57.2,40.8
MD,Baltimore City,87.4,11.1
MD,Calvert,45,53.2
MD,Caroline,36.9,61.3
MD,Carroll,31.7,65.7
MD,Cecil,38.7,59.1
MD,Charles,65,33.7
MD,Dorchester,46.1,52.7
MD,Frederick,46.9,50.9
MD,Garrett,23,75.1
MD,Harford,39.2,58.7
MD,Howard,59.5,38.3
MD,Kent,48.7,49.6
MD,Montgomery,70.9,27.4
MD,Prince George's,90.1,9.2
MD,Queen Anne's,34.1,64.3
MD,St. Mary's,40.8,56.9
MD,Somerset,48.3,50.8
MD,Talbot,42.8,55.9
MD,Washington,39.7,58.2
MD,Wicomico,45.7,52.6
MD,Worcester,40.1,58.4
ME,Abbot,40.4,57
ME,Acton,51.3,46.6
ME,Addison,46.7,51.1
ME,Albion,42,54.9
ME,Alexander,45.5,53.1
ME,Alfred,55.4,42.5
ME,Allagash,56.4,42.1
ME,Alna,58,39
ME,Alton,50.2,47.1
ME,Amherst,47.9,48.6
ME,Amity,37.2,59.6
ME,Andover,50.5,43
ME,Anson,50,47.1
ME,Appleton,54.8,41.4
ME,Aroostook Cty Townships,47.2,47.9
ME,Arrowsic,68.5,28.7
ME,Arundel,54.7,42.7
ME,Ashland,58,41.1
ME,Athens,49.1,47.4
ME,Atkinson,40.8,57.5
ME,Auburn,57.6,39.5
ME,Augusta,59.1,38
ME,Aurora,28.1,65.6
ME,Avon,53.8,44.5
ME,Baileyville,56.8,36.9
ME,Baldwin,44.3,51.7
ME,Bancroft,35.5,64.5
ME,Bangor,58.4,39.2
ME,Bar Harbor,71.2,25.9
ME,Baring Plt.,52.8,46.2
ME,Bath,63.9,33.4
ME,Beals,48.4,49.5
ME,Beaver Cove,43.6,55.3
ME,Beddington,37.1,60
ME,Belfast,63,34.4
ME,Belgrade,50.6,47.3
ME,Belmont,53.4,43.8
ME,Benton,51.4,47.4
ME,Berwick,47.8,49.9
ME,Bethel,60.4,36.6
ME,Biddeford,67,30.8
ME,Bingham,53.8,44
ME,Blaine,27.1,70.7
ME,Blue Hill,63.9,33.4
ME,Boothbay,53.5,44.8
ME,Boothbay Harbor,55.8,42.3
ME,Bowdoin,44.7,52.6
ME,Bowdoinham,58.2,39.4
ME,Bowerbank,42.9,57.1
ME,Bradford,41.1,57.1
ME,Bradley,55.1,43.3
ME,Bremen,59.8,38.2
ME,Brewer,48.2,50
ME,Bridgewater,38.3,60.3
ME,Bridgton,54.2,43.3
ME,Brighton Plt.,44.2,53.5
ME,Bristol,58.2,39.8
ME,Brooklin,64.2,33.9
ME,Brooks,47.4,50.7
ME,Brooksville,64.3,32.3
ME,Brownfield,54.4,43.5
ME,Brownville,48.7,48.5
ME,Brunswick,49,22.8
ME,Buckfield,50.7,45.5
ME,Bucksport,55.8,42.1
ME,Burlington,36.5,60.8
ME,Burnham,48.7,49.1
ME,Buxton,52.4,45.3
ME,Byron,49.4,46.8
ME,Calais,49.1,48.8
ME,Cambridge,36,61.8
ME,Camden,69.5,28.8
ME,Canaan,51.2,46.2
ME,Canton,55,41.6
ME,Cape Elizabeth,62.2,33.5
ME,Caratunk,45.1,54.9
ME,Caribou,52.3,45.6
ME,Carmel,39.8,58.4
ME,Carrabassett Valley,63.7,33
ME,Carroll Plt.,34.9,62.7
ME,Carthage,56.7,39.2
ME,Cary Plt.,35.8,62.4
ME,Casco,51.2,46.3
ME,Castine,57.2,40.8
ME,Castle Hill,38.8,60.2
ME,Caswell,65.2,32.6
ME,Chapman,48.4,39
ME,Charleston,28.4,69.3
ME,Charlotte,37.9,57.4
ME,Chebeague Island,73,24
ME,Chelsea,51.6,45
ME,Cherryfield,47,51.2
ME,Chester,35.3,62.5
ME,Chesterville,60.3,37.2
ME,China,48.9,48.6
ME,Clifton,47.8,50
ME,Clinton,51.6,46.1
ME,Columbia,33.3,62.7
ME,Columbia Falls,43.1,52.3
ME,Cooper,44.2,51.9
ME,Coplin Plt.,50.6,48.2
ME,Corinna,38,59.5
ME,Corinth,34.6,63.3
ME,Cornish,54.9,42.9
ME,Cornville,45.2,53.3
ME,Cranberry Isles,68.5,27.5
ME,Crawford,36.5,63.5
ME,Crystal,35.9,60.6
ME,Cumberland,53.3,45.2
ME,Cushing,51.3,47
ME,Cutler,40.8,57.4
ME,Cyr Plt.,53.5,46.5
ME,Dallas Plt.,55.9,42.7
ME,Damariscotta,59,38.5
ME,Danforth,41.5,56.6
ME,Dayton,52.4,44.6
ME,Deblois,25.9,74.1
ME,Dedham,51.2,46.7
ME,Deer Isle,68.6,30
ME,Denmark,48.3,48.2
ME,Dennistown Plt.,33.3,60
ME,Dennysville,49,49
ME,Detroit,51,47
ME,Dexter,45.3,52.3
ME,Dixfield,60.8,38.1
ME,Dixmont,46.6,51.5
ME,Dover-Foxcroft,47.1,50.2
ME,Dresden,55,41.7
ME,Drew Plt.,35,65
ME,Durham,49.5,47.1
ME,Dyer Brook,33.3,60.5
ME,Eagle Lake,62.9,34.6
ME,Eastbrook,42.1,54.2
ME,East Machias,43.8,53.9
ME,East Millinocket,52.5,45.2
ME,Easton,47.9,49.5
ME,Eastport,58.2,35.3
ME,Eddington,44.1,54
ME,Edgecomb,55.2,41.9
ME,Edinburg,55.3,44.7
ME,Eliot,56.3,41.9
ME,Ellsworth,49.7,46.9
ME,Embden,45.1,51.3
ME,Enfield,46.3,50.6
ME,Etna,41.6,55.9
ME,Eustis,51.2,44.5
ME,Exeter,40.6,57.6
ME,Fairfield,53.8,42.7
ME,Falmouth,54.8,43.8
ME,Farmingdale,55.6,42.5
ME,Farmington,62.8,33.1
ME,Fayette,58.3,39.7
ME,Fort Fairfield,52.2,44.4
ME,Fort Kent,67.4,30.6
ME,Frankfort,45.7,51
ME,Franklin,48.5,49.3
ME,Franklin Cty Townships,58.3,33.3
ME,Freedom,54.8,41.6
ME,Freeport,64.2,33.9
ME,Frenchboro,52.5,37.5
ME,Frenchville,69.6,28.1
ME,Friendship,45.8,51.4
ME,Fryeburg,57,40.2
ME,Frye Island,30.4,67.9
ME,Gardiner,57,38.8
ME,Garfield Plt.,47.1,52.9
ME,Garland,45,52.5
ME,Georgetown,61,37.2
ME,Gilead,59.1,35.7
ME,Glenburn,46.3,52.2
ME,Glenwood Plt.,33.3,66.7
ME,Gorham,56.7,41.4
ME,Gouldsboro,50.4,46.9
ME,Grand Isle,75.3,22.5
ME,Grand Lake Stream Plt,42,58
ME,Gray,50,47.4
ME,Great Pond,42.9,54.3
ME,Greenbush,41.5,56.1
ME,Greene,47.9,49.1
ME,Greenville,53.5,45.1
ME,Greenwood,56.5,39.8
ME,Guilford,43.5,52
ME,Hallowell,70.1,27.4
ME,Hamlin,63.9,34
ME,Hammond,49,51
ME,Hampden,48.2,50.2
ME,Hancock,48.9,48.8
ME,Hanover,54.3,43.8
ME,Harmony,43.6,54.4
ME,Harpswell,57.6,40.7
ME,Harrington,39.9,58.1
ME,Harrison,51.9,44.2
ME,Hartford,52.5,43.8
ME,Hartland,38.6,58
ME,Haynesville,38.6,61.4
ME,Hebron,52.6,43.1
ME,Hermon,41.3,57.2
ME,Hersey,28.1,71.9
ME,Highland Plt.,36.8,58.5
ME,Hiram,52.3,44.6
ME,Hodgdon,31.9,66.5
ME,Holden,42.9,55
ME,Hollis,52.5,44.3
ME,Hope,57.1,39.9
ME,Houlton,45.3,52.3
ME,Howland,52.9,44.7
ME,Hudson,38,60.7
ME,Indian Township Vtng Dst,88.1,10.6
ME,Industry,52.9,43.6
ME,Island Falls,44.9,52.5
ME,Isle Au Haut,84.2,8.8
ME,Islesboro,67.5,32.1
ME,Jackman,37.7,57.7
ME,Jackson,45.5,49.1
ME,Jay,63.5,34.1
ME,Jefferson,46.8,51.3
ME,Jonesboro,47.9,50
ME,Jonesport,50.5,48.1
ME,Kenduskeag,48,50.2
ME,Kennebunk,57.4,40.8
ME,Kennebunkport,54.6,44.2
ME,Kingfield,53.3,42.7
ME,Kingsbury Plt.,57.9,42.1
ME,Kittery,64.2,33.8
ME,Knox,40,57.2
ME,LaGrange,43.2,55.3
ME,Lake View Plt.,61.9,38.1
ME,Lakeville,46.3,51.3
ME,Lamoine,49.9,47.9
ME,Lebanon,44.2,52.3
ME,Lee,35.3,64.2
ME,Leeds,52.2,44.7
ME,Levant,36.9,60
ME,Lewiston,60.8,36.8
ME,Liberty,52.6,44.5
ME,Limerick,51.5,45.1
ME,Limestone,59.5,37.7
ME,Limington,49.3,47.6
ME,Lincoln,41,56.2
ME,Lincoln Plt.,51.9,48.1
ME,Lincolnville,60.1,37.5
ME,Linneus,34.2,63.9
ME,Lisbon,50.3,47.1
ME,Litchfield,49,47.4
ME,Littleton,37.1,59.4
ME,Livermore,54.7,42.8
ME,Livermore Falls,62.4,34.6
ME,Long Island,66,30
ME,Lovell,50.8,46.7
ME,Lowell,36.8,61.7
ME,Lubec,58.9,38.9
ME,Ludlow,43.7,55
ME,Lyman,54.1,42.9
ME,Machias,51.7,45.6
ME,Machiasport,49.7,49.1
ME,Macwahoc Plt.,39.1,58.7
ME,Madawaska,73.7,24.5
ME,Madison,53.3,44.1
ME,Magalloway Plt.,21.4,71.4
ME,Manchester,52.2,46.3
ME,Mapleton,48.9,49.8
ME,Mariaville,44.9,51.8
ME,Marshfield,41.2,56.4
ME,Mars Hill,36,62
ME,Masardis,58.1,38.7
ME,Matinicus Isle Plt.,64.7,35.3
ME,Mattawamkeag,49.3,47.9
ME,Maxfield,40.7,59.3
ME,Mechanic Falls,51.1,46
ME,Meddybemps,40.4,56.2
ME,Medford,35.8,59.7
ME,Medway,41.4,56.4
ME,Mercer,52.3,45.2
ME,Merrill,48.4,50
ME,Mexico,68.5,27
ME,Milbridge,52.4,46.2
ME,Milford,55.8,41.9
ME,Millinocket,57.1,40.7
ME,Milo,45.3,51.2
ME,Minot,46.7,51.1
ME,Monhegan Plt.,89.1,9.1
ME,Monmouth,50.4,46.4
ME,Monroe,55,39.8
ME,Monson,47.2,48.3
ME,Monticello,41.4,57.1
ME,Montville,59,35.5
ME,Moose River,29.7,68.5
ME,Moro Plt.,4.3,91.3
ME,Morrill,43.4,54.2
ME,Moscow,55,44.2
ME,Mount Chase,31.3,66.1
ME,Mount Desert,66,32
ME,Mount Vernon,54.4,41.9
ME,Naples,50.5,47
ME,Nashville Plt.,66.7,33.3
ME,Newburgh,47.2,51.1
ME,New Canada,57.6,39.3
ME,Newcastle,62.3,35.3
ME,Newfield,51.3,46.2
ME,New Gloucester,49.7,48.2
ME,New Limerick,42.3,56.2
ME,Newport,42.4,55.2
ME,New Portland,50.4,45.9
ME,Newry,54.7,43.1
ME,New Sharon,51.5,45.5
ME,New Sweden,52.4,45.5
ME,New Vineyard,47.9,49.9
ME,Nobleboro,56.1,42.1
ME,Norridgewock,47.4,49.4
ME,North Berwick,50.7,47.2
ME,Northfield,49.5,49.5
ME,North Haven,72.6,24.5
ME,Northport,56.3,41.9
ME,North Yarmouth,57.6,40.7
ME,Norway,55,42.1
ME,Oakfield,40.3,56.1
ME,Oakland,52.6,44.7
ME,Ogunquit,60.3,38.1
ME,Old Orchrd Bch,63.1,35.1
ME,Old Town,61.5,35.3
ME,Orient,51.6,45.2
ME,Orland,56.6,40.5
ME,Orono,70.2,26
ME,Orrington,44.4,53.5
ME,Osborn,22.5,77.5
ME,Otis,35.1,64.6
ME,Otisfield,52.5,44.5
ME,Owl's Head,57.4,41.3
ME,Oxbow Plt.,55.2,41.4
ME,Oxford,52.2,45.7
ME,Oxford Cty Townships,60.1,33.5
ME,Palermo,44,53.6
ME,Palmyra,41.4,55.5
ME,Paris,55.1,41.8
ME,Parkman,42.3,54.6
ME,Parsonsfield,54.5,44
ME,Passadumkeag,36.1,61.9
ME,Patten,44.5,53.3
ME,Pembroke,50.7,46.7
ME,Penobscot,46.3,50.6
ME,Penobscot Cty Townships,44.7,52.8
ME,Penobscot Nation Vot Dst,90,8.2
ME,Perham,33.3,65.5
ME,Perry,48.9,48.4
ME,Peru,59,38.2
ME,Phillips,51.2,42.2
ME,Phippsburg,54.2,43.7
ME,Piscataquis Cty Townshps,32.8,65.5
ME,Pittsfield,47.1,51
ME,Pittston,49.4,47.7
ME,Pleasant Point Votng Dst,85.7,12.2
ME,Pleasant Ridge Plt.,56.9,43.1
ME,Plymouth,40.5,57.1
ME,Poland,52.3,45.2
ME,Portage Lake,51.9,45.2
ME,Porter,50.1,46.8
ME,Portland,76.5,20.6
ME,Pownal,55.4,42.5
ME,Presque Isle,52.7,44.6
ME,Princeton,42.4,54.3
ME,Prospect,54.5,42.4
ME,Randolph,56.5,40.6
ME,Rangeley,48.1,50.4
ME,Rangeley Plt.,44.4,54.9
ME,Raymond,53.4,44.8
ME,Readfield,56.4,41.3
ME,Reed Plt.,30.9,67.9
ME,Richmond,53.8,43.6
ME,Ripley,40.3,56.3
ME,Robbinston,48.8,48.5
ME,Rockland,65.5,31.8
ME,Rockport,60.1,38.4
ME,Rome,54.4,43
ME,Roque Bluffs,59.7,39
ME,Roxbury,61.1,36.8
ME,Rumford,62.6,34.3
ME,Sabattus,51.3,46
ME,Saco,62.1,36
ME,Saint Agatha,70.4,28.4
ME,St. Albans,39.4,58.7
ME,St. Francis,68.8,30.4
ME,St. George,63.4,33.5
ME,St. John Plt.,55.9,39.2
ME,Sandy River Plt.,60.5,38.4
ME,Sanford,58.8,38.9
ME,Sangerville,47.5,51.1
ME,Scarborough,54.1,44.2
ME,Searsmont,52.3,45.4
ME,Searsport,53.6,43.5
ME,Sebago,50.9,46.6
ME,Sebec,37.2,60.2
ME,Seboeis Plt.,61.5,38.5
ME,Sedgwick,63.9,33.3
ME,Shapleigh,49.8,47.9
ME,Sherman,36.2,60.6
ME,Shirley,40.7,57
ME,Sidney,48.7,49.3
ME,Skowhegan,57.1,40
ME,Smithfield,49.6,47.9
ME,Smyrna,44,53.6
ME,Solon,48.7,48.4
ME,Somerset Cty Townships,36.2,61.7
ME,Somerville,49.6,47.1
ME,Sorrento,54.2,40.1
ME,South Berwick,57,40.7
ME,South Bristol,60.9,36.3
ME,Southport,48,51.7
ME,South Portland,69.4,28.6
ME,South Thomaston,58.3,39.8
ME,Southwest Harbor,62.1,36.1
ME,Springfield,33.5,65.2
ME,Stacyville,34,63.7
ME,Standish,50.5,47.5
ME,Starks,53.9,42
ME,Stetson,44.9,53.7
ME,Steuben,47.2,49.4
ME,Stockholm,61.9,36.1
ME,Stockton Springs,51.9,44.8
ME,Stoneham,58.1,38.1
ME,Stonington,66.8,30.2
ME,Stow,64.2,33.2
ME,Strong,48,49.4
ME,Sullivan,59.4,38.3
ME,Sumner,51.5,45.8
ME,Surry,56.3,41.3
ME,Swan's Island,41.6,54.9
ME,Swanville,51.4,41.9
ME,Sweden,55.3,42.5
ME,Talmadge,40.6,59.4
ME,Temple,68.6,29.8
ME,The Forks Plt.,52.3,47.7
ME,Thomaston,61.5,37.3
ME,Thorndike,55.9,40.2
ME,Topsfield,33.6,64.6
ME,Topsham,57.1,40.9
ME,Tremont,62.6,34.8
ME,Trenton,54.8,42.7
ME,Troy,49,49.4
ME,Turner,46.2,51.2
ME,Union,52.6,44.2
ME,Unity,49.1,45.4
ME,Upton,,
ME,Van Buren,74.9,23
ME,Vanceboro,48.6,49.5
ME,Vassalboro,52.8,44.2
ME,Veazie,53.6,44.5
ME,Verona,53.2,44.2
ME,Vienna,58.4,38.7
ME,Vinalhaven,73.1,24.9
ME,Wade,39.1,57.8
ME,Waite,37.9,56.9
ME,Waldo,53.2,43.5
ME,Waldoboro,51.6,45.4
ME,Wales,42.2,54.4
ME,Wallagrass,72.1,27.2
ME,Waltham,36.9,62
ME,Warren,49.2,48.2
ME,Washburn,44.6,53.9
ME,Washington,49.9,46.6
ME,Washington Cty Townships,36,59.9
ME,Waterboro,52.5,44.9
ME,Waterford,51.4,43.1
ME,Waterville,67.2,30.2
ME,Wayne,61.2,37.1
ME,Webster Plt.,56.5,39.1
ME,Weld,53.3,42.6
ME,Wellington,64.5,32.3
ME,Wells,54,44.3
ME,Wesley,41.6,57.1
ME,West Bath,52.9,44.9
ME,Westbrook,56.9,31.5
ME,Westfield,43.5,54.3
ME,West Forks Plt.,53.2,44.7
ME,West Gardiner,49.4,47.8
ME,Westmanland,48.8,48.8
ME,Weston,38.2,61.8
ME,West Paris,54.7,41
ME,Westport,52.3,45.5
ME,Whitefield,55.2,42.3
ME,Whiting,52.7,45.6
ME,Whitneyville,44,51.4
ME,Willimantic,39.5,59.3
ME,Wilton,55.8,41.1
ME,Windham,51.4,46.1
ME,Windsor,49.8,47.1
ME,Winn,37.1,62.9
ME,Winslow,54.1,43.7
ME,Winter Harbor,40.9,52.9
ME,Winterport,49,48.6
ME,Winterville Plt.,59,36.6
ME,Winthrop,54.2,43.2
ME,Wiscasset,50.5,46.8
ME,Woodland,46,52.7
ME,Woodstock,49.2,48.2
ME,Woodville,49.6,48.8
ME,Woolwich,53.8,44
ME,Yarmouth,60.3,38.2
ME,York,57,41.9
MI,Alcona,40.5,58.7
MI,Alger,48.1,50.6
MI,Allegan,39.8,59
MI,Alpena,46.7,52.1
MI,Antrim,38.7,60.1
MI,Arenac,46.9,51.8
MI,Baraga,45.1,53.5
MI,Barry,40.4,58.5
MI,Bay,52.5,46.5
MI,Benzie,47.6,51.5
MI,Berrien,46.3,52.8
MI,Branch,40.1,58.8
MI,Calhoun,50.3,48.7
MI,Cass,42.7,56.4
MI,Charlevoix,42.2,56.9
MI,Cheboygan,43.9,54.8
MI,Chippewa,45.6,53.2
MI,Clare,47,51.8
MI,Clinton,46.5,52.7
MI,Crawford,43.9,54.9
MI,Delta,46.2,52.8
MI,Dickinson,38.7,60.1
MI,Eaton,51,47.9
MI,Emmet,40.9,58
MI,Genesee,63.6,35.4
MI,Gladwin,45.9,53.1
MI,Gogebic,53.6,45.5
MI,Grand Traverse,43.6,55.4
MI,Gratiot,47.5,51.4
MI,Hillsdale,37.2,61.5
MI,Houghton,44.1,54.3
MI,Huron,42.1,56.9
MI,Ingham,63.4,35.6
MI,Ionia,42.8,55.7
MI,Iosco,46.8,51.8
MI,Iron,44.9,53.9
MI,Isabella,54.1,44.8
MI,Jackson,46.6,52.4
MI,Kalamazoo,56.2,42.9
MI,Kalkaska,39.5,59.1
MI,Kent,45.5,53.4
MI,Keweenaw,41.9,55.8
MI,Lake,52.1,47
MI,Lapeer,43.7,55.1
MI,Leelanau,46.4,52.8
MI,Lenawee,48.8,50.1
MI,Livingston,38,61.3
MI,Luce,38.4,60.6
MI,Mackinac,43.5,55.7
MI,Macomb,51.6,47.6
MI,Manistee,52.2,46.3
MI,Marquette,56.4,42.3
MI,Mason,47,52
MI,Mecosta,44.5,54.4
MI,Menominee,48,51
MI,Midland,41.8,57.3
MI,Missaukee,32.4,66.4
MI,Monroe,50,49
MI,Montcalm,45,53.7
MI,Montmorency,40.6,58
MI,Muskegon,58.4,40.6
MI,Newaygo,40.7,58.1
MI,Oakland,53.7,45.6
MI,Oceana,44.3,54.5
MI,Ogemaw,46.2,52.5
MI,Ontonagon,44.8,53.9
MI,Osceola,38.8,59.8
MI,Oscoda,41.1,57.3
MI,Otsego,39.6,59.2
MI,Ottawa,32.5,66.7
MI,Presque Isle,45.1,53.6
MI,Roscommon,47.6,51.4
MI,Saginaw,55.5,43.6
MI,St. Clair,45.9,53
MI,St. Joseph,43.3,55.7
MI,Sanilac,39.3,59.7
MI,Schoolcraft,46.1,52.9
MI,Shiawassee,51.2,47.5
MI,Tuscola,44,54.8
MI,Van Buren,49.7,49.2
MI,Washtenaw,67.5,31.5
MI,Wayne,73.1,26.2
MI,Wexford,41.3,57.5
MN,Aitkin,48.4,49.8
MN,Anoka,47.7,50.3
MN,Becker,41.8,56.4
MN,Beltrami,53.8,43.9
MN,Benton,41.9,55.6
MN,Big Stone,48.3,49.8
MN,Blue Earth,53.4,43.8
MN,Brown,40.6,57.2
MN,Carlton,62,35.9
MN,Carver,39.3,59.1
MN,Cass,42.6,55.7
MN,Chippewa,49.9,48
MN,Chisago,42.7,55.3
MN,Clay,52.9,44.9
MN,Clearwater,41.9,56.4
MN,Cook,60.3,37
MN,Cottonwood,41.6,56.7
MN,Crow Wing,42.4,55.8
MN,Dakota,50.5,47.6
MN,Dodge,43.7,53.8
MN,Douglas,41.4,56.9
MN,Faribault,44.3,53.4
MN,Fillmore,52.6,45.3
MN,Freeborn,56,41.9
MN,Goodhue,47.5,50.5
MN,Grant,47.5,50.4
MN,Hennepin,62.5,35.4
MN,Houston,50.7,47.5
MN,Hubbard,40.7,57.7
MN,Isanti,39.9,58
MN,Itasca,53.9,44.1
MN,Jackson,41.9,56.2
MN,Kanabec,44.2,53.3
MN,Kandiyohi,45.8,52.5
MN,Kittson,51.6,45.5
MN,Koochiching,53.7,44.2
MN,Lac Qui Parle,49.7,48.8
MN,Lake,59.5,38.4
MN,Lake of the Woods,38.7,58.8
MN,Le Sueur,45.8,52.4
MN,Lincoln,45.9,51.2
MN,Lyon,44.3,53.5
MN,McLeod,37.8,60
MN,Mahnomen,58.6,40
MN,Marshall,42.8,54.9
MN,Martin,37.1,60.9
MN,Meeker,40.8,56.8
MN,Mille Lacs,44.7,53.3
MN,Morrison,36.9,61
MN,Mower,60.3,37.6
MN,Murray,45.4,52.7
MN,Nicollet,52.8,44.9
MN,Nobles,44.7,53.9
MN,Norman,54.1,43.3
MN,Olmsted,50.5,47.3
MN,Otter Tail,38.5,59.8
MN,Pennington,46.6,50.9
MN,Pine,48.5,49.2
MN,Pipestone,37.3,61
MN,Polk,46.3,52
MN,Pope,47.9,50.5
MN,Ramsey,66.6,31.2
MN,Red Lake,47.3,49.8
MN,Redwood,38.8,58.9
MN,Renville,44.2,54
MN,Rice,53,44.7
MN,Rock,40.3,58.2
MN,Roseau,37.8,60.2
MN,St. Louis,63.7,34.1
MN,Scott,41.6,56.5
MN,Sherburne,38,60.1
MN,Sibley,37.5,60.3
MN,Stearns,42.9,55
MN,Steele,45.7,52
MN,Stevens,48.8,49.2
MN,Swift,54.1,44.2
MN,Todd,41,57.1
MN,Traverse,51.2,46.7
MN,Wabasha,46.2,51.6
MN,Wadena,36.8,61.2
MN,Waseca,45,52.7
MN,Washington,49.5,48.8
MN,Watonwan,48.8,49.2
MN,Wilkin,39.2,58.7
MN,Winona,55.3,42.4
MN,Wright,38.2,59.6
MN,Yellow Medicine,45.7,52
MO,Adair,41.7,55.8
MO,Andrew,31.9,65.7
MO,Atchison,27.9,70.2
MO,Audrain,35.6,62.2
MO,Barry,26.6,71.2
MO,Barton,21.4,76.9
MO,Bates,32.9,64.6
MO,Benton,31.9,66.3
MO,Bollinger,22.2,75.1
MO,Boone,50.2,47.1
MO,Buchanan,44.4,53.2
MO,Butler,25.8,72.5
MO,Caldwell,31.5,65.3
MO,Callaway,33.3,64.4
MO,Camden,29.4,68.8
MO,Cape Girardeau,27.2,71
MO,Carroll,26.8,71.4
MO,Carter,26.9,70.7
MO,Cass,34.8,63.2
MO,Cedar,25.4,72.4
MO,Chariton,35,62.9
MO,Christian,25.8,72.4
MO,Clark,43.3,53.6
MO,Clay,44.8,53.2
MO,Clinton,37.5,60.1
MO,Cole,32.4,66.1
MO,Cooper,32.9,65.1
MO,Crawford,30.8,67.2
MO,Dade,24.1,74.3
MO,Dallas,29.2,68.6
MO,Daviess,32,65
MO,DeKalb,27.4,70.3
MO,Dent,23.9,73.5
MO,Douglas,26.1,70.9
MO,Dunklin,34.1,64.3
MO,Franklin,35,62.8
MO,Gasconade,29.4,68.6
MO,Gentry,31.3,66.3
MO,Greene,36.7,61.1
MO,Grundy,27.7,69.3
MO,Harrison,26.6,71
MO,Henry,35.6,61.5
MO,Hickory,37,60.6
MO,Holt,23.9,74.7
MO,Howard,35.4,62
MO,Howell,26.9,70.6
MO,Iron,41.4,55.9
MO,Jackson,58.7,39.7
MO,Jasper,28.3,69.3
MO,Jefferson,42.6,55.3
MO,Johnson,36.5,60.7
MO,Knox,35.7,61.6
MO,LaClede,26.6,71.2
MO,Lafayette,35.8,62.1
MO,Lawrence,25.5,72.5
MO,Lewis,35.2,62.6
MO,Lincoln,34.1,63.3
MO,Linn,36.7,60.3
MO,Livingston,31.5,66.2
MO,McDonald,24.6,72.8
MO,Macon,32.3,65.7
MO,Madison,32.2,65.5
MO,Maries,28.6,69.7
MO,Marion,33.2,65.2
MO,Mercer,21.3,75.8
MO,Miller,24.1,73.5
MO,Mississippi,37.8,60.9
MO,Moniteau,25,73
MO,Monroe,34.5,63.2
MO,Montgomery,32.6,65.6
MO,Morgan,31.9,66
MO,New Madrid,38.8,59.1
MO,Newton,25.6,72.5
MO,Nodaway,35.3,62.3
MO,Oregon,32.1,65.3
MO,Osage,21.3,77
MO,Ozark,28.3,69.2
MO,Pemiscot,42.2,56.8
MO,Perry,27.3,71
MO,Pettis,34.4,63.1
MO,Phelps,31.9,65.4
MO,Pike,35.3,62.5
MO,Platte,42.1,56.2
MO,Polk,27.3,70.5
MO,Pulaski,30.9,67
MO,Putnam,25.4,72.5
MO,Ralls,34.5,64.2
MO,Randolph,30.5,67
MO,Ray,41.2,56.1
MO,Reynolds,36.1,60.3
MO,Ripley,26.5,71.1
MO,St. Charles,38.7,59.7
MO,St. Clair,31.6,65.3
MO,St. Francois,39.1,58.6
MO,St. Louis County,56.2,42.5
MO,St. Louis City,82.7,16
MO,Ste. Genevieve,47.2,50.2
MO,Saline,41.6,56
MO,Schuyler,35.9,60.5
MO,Scotland,33.2,64.4
MO,Scott,30.1,68.4
MO,Shannon,35.2,61.3
MO,Shelby,29.9,67.7
MO,Stoddard,24.5,73.8
MO,Stone,24.5,73.7
MO,Sullivan,35,62
MO,Taney,25.3,72.7
MO,Texas,26.7,70.8
MO,Vernon,30.3,67.6
MO,Warren,35.6,62.3
MO,Washington,39.5,58.1
MO,Wayne,31.7,66.3
MO,Webster,28.6,69.4
MO,Worth,32.5,63.4
MO,Wright,24.5,73.3
MS,Adams,58.7,40.7
MS,Alcorn,23.5,75.1
MS,Amite,42,57.3
MS,Attala,42.9,56.7
MS,Benton,49.7,49.8
MS,Bolivar,68.5,30.5
MS,Calhoun,35.9,63.1
MS,Carroll,33.3,66.2
MS,Chickasaw,51.2,47.1
MS,Choctaw,33.4,65.8
MS,Claiborne,88.1,11.6
MS,Clarke,37.4,61.3
MS,Clay,60.7,38.7
MS,Coahoma,74.9,24.6
MS,Copiah,55.4,43.9
MS,Covington,41.6,57.8
MS,DeSoto,32.8,66.2
MS,Forrest,43.5,55.2
MS,Franklin,38.4,60.9
MS,George,13.8,85
MS,Greene,22.4,76.5
MS,Grenada,46.6,52.8
MS,Hancock,22.8,75.5
MS,Harrison,36.1,62.7
MS,Hinds,72.2,27.1
MS,Holmes,83.9,15.7
MS,Humphreys,75.9,23.9
MS,Issaquena,60.9,38.4
MS,Itawamba,18.3,79.3
MS,Jackson,31.3,67.5
MS,Jasper,54.6,44.9
MS,Jefferson,88.7,10.9
MS,Jeff Davis,61.9,36.9
MS,Jones,30.4,68.7
MS,Kemper,64.1,35.4
MS,Lafayette,41.3,56.8
MS,Lamar,22.1,76.7
MS,Lauderdale,41.8,57.3
MS,Lawrence,36.4,63.1
MS,Leake,45.4,54.1
MS,Lee,35,64
MS,Leflore,72.6,26.9
MS,Lincoln,34.1,65.3
MS,Lowndes,48.8,50.3
MS,Madison,41.8,57.5
MS,Marion,34.7,64.5
MS,Marshall,59.4,39.9
MS,Monroe,41.6,57.5
MS,Montgomery,46.7,52.9
MS,Neshoba,27.8,71.4
MS,Newton,34,65.4
MS,Noxubee,78.5,21.2
MS,Oktibbeha,50.2,48.3
MS,Panola,54,45.3
MS,Pearl River,19.1,79.4
MS,Perry,26.7,72.3
MS,Pike,53.4,45.8
MS,Pontotoc,22.6,76.1
MS,Prentiss,28.1,70.5
MS,Quitman,71.3,28
MS,Rankin,23.5,75.4
MS,Scott,45.1,54.1
MS,Sharkey,69.6,29.9
MS,Simpson,38.6,60.6
MS,Smith,24.4,74.7
MS,Stone,26.3,72.2
MS,Sunflower,72.7,26.4
MS,Tallahatchie,60.3,39
MS,Tate,40.2,58.6
MS,Tippah,25,73.5
MS,Tishomingo,20.7,77.3
MS,Tunica,79.1,20.3
MS,Union,24,74.9
MS,Walthall,45.3,53.7
MS,Warren,50.9,48.3
MS,Washington,71.1,28.4
MS,Wayne,40.1,59.2
MS,Webster,22.6,76.4
MS,Wilkinson,69.4,30.1
MS,Winston,46.7,52.7
MS,Yalobusha,47.4,51.8
MS,Yazoo,57.3,42
MT,Beaverhead,28.4,68.5
MT,Big Horn,62,36.3
MT,Blaine,56.4,41.3
MT,Broadwater,25.3,71.5
MT,Carbon,36.6,60.5
MT,Carter,12.1,85.4
MT,Cascade,44,53.1
MT,Chouteau,34.6,62.4
MT,Custer,34.2,62.8
MT,Daniels,23.6,73.4
MT,Dawson,27.6,68.5
MT,Deer Lodge,64.2,32.5
MT,Fallon,16.9,80.3
MT,Fergus,26.9,70.2
MT,Flathead,31.9,65.2
MT,Gallatin,45.7,51
MT,Garfield,9.4,88.9
MT,Glacier,64.9,32.4
MT,Golden Valley,23,73.3
MT,Granite,31.3,64.9
MT,Hill,49.9,46.4
MT,Jefferson,34.8,62.3
MT,Judith Basin,27.7,70.3
MT,Lake,43.4,53.8
MT,Lewis and Clark,46.9,50.5
MT,Liberty,26.1,71
MT,Lincoln,28.7,68.2
MT,McCone,22.4,75.1
MT,Madison,28.5,69.1
MT,Meagher,27.7,68.9
MT,Mineral,34.7,60.3
MT,Missoula,57.9,39.2
MT,Musselshell,20.5,76.2
MT,Park,43.2,53.7
MT,Petroleum,16.4,80.5
MT,Phillips,21.1,75.8
MT,Pondera,35.8,61.6
MT,Powder River,16.7,81.7
MT,Powell,32,65.1
MT,Prairie,23.8,73.9
MT,Ravalli,32.7,64.7
MT,Richland,21.6,75.6
MT,Roosevelt,56.5,41.5
MT,Rosebud,40.9,56.4
MT,Sanders,29.1,67.4
MT,Sheridan,34.4,62.7
MT,Silver Bow,64.9,32.3
MT,Stillwater,26.5,71
MT,Sweet Grass,22.5,75.2
MT,Teton,33,64.3
MT,Toole,27.7,68.5
MT,Treasure,25.2,70
MT,Valley,35.9,60.5
MT,Wheatland,27.5,69.8
MT,Wibaux,4.6,77.4
MT,Yellowstone,38.3,59
NC,Alamance,42.5,56.6
NC,Alexander,26.9,71.6
NC,Alleghany,31.3,67.2
NC,Anson,62.3,37.3
NC,Ashe,32.8,65.7
NC,Avery,24.3,74.5
NC,Beaufort,40.1,59.3
NC,Bertie,65.8,33.9
NC,Bladen,50.6,48.6
NC,Brunswick,38.5,60.7
NC,Buncombe,55.5,43.1
NC,Burke,37.6,61.2
NC,Cabarrus,39.4,59.6
NC,Caldwell,31.4,67.2
NC,Camden,32.2,66.3
NC,Carteret,29,70
NC,Caswell,48.3,51
NC,Catawba,34.7,64.2
NC,Chatham,51.9,47.2
NC,Cherokee,26.3,72.5
NC,Chowan,47.2,52.2
NC,Clay,28.1,70.7
NC,Cleveland,39.3,59.8
NC,Columbus,45.7,53.6
NC,Craven,40.7,58.5
NC,Cumberland,59.5,39.8
NC,Currituck,31.6,66.6
NC,Dare,41.2,57.4
NC,Davidson,29,69.9
NC,Davie,27.7,71.3
NC,Duplin,43.8,55.6
NC,Durham,75.9,23.2
NC,Edgecombe,68,31.7
NC,Forsyth,53.2,45.9
NC,Franklin,47.5,51.6
NC,Gaston,36.7,62.3
NC,Gates,51.7,47.7
NC,Graham,28.5,70.2
NC,Granville,51.9,47.3
NC,Greene,45.9,53.6
NC,Guilford,57.8,41.3
NC,Halifax,65.8,33.8
NC,Harnett,39.8,59.2
NC,Haywood,42.4,56.2
NC,Henderson,35.6,63.2
NC,Hertford,71.9,27.6
NC,Hoke,59,40
NC,Hyde,49.1,50.2
NC,Iredell,34.3,64.8
NC,Jackson,48.6,49.7
NC,Johnston,35.6,63.4
NC,Jones,45,54.4
NC,Lee,44.4,54.6
NC,Lenoir,49,50.5
NC,Lincoln,30.1,68.9
NC,McDowell,33.5,65.3
NC,Macon,34,64.6
NC,Madison,44.6,53.7
NC,Martin,51.9,47.5
NC,Mecklenburg,60.8,38.3
NC,Mitchell,23.6,75.3
NC,Montgomery,41.9,57.2
NC,Moore,35.6,63.7
NC,Nash,50.2,49.3
NC,New Hanover,47.1,51.7
NC,Northampton,67.3,32.4
NC,Onslow,36,62.9
NC,Orange,70.4,28.2
NC,Pamlico,39.2,60.1
NC,Pasquotank,57.5,41.6
NC,Pender,39.3,59.8
NC,Perquimans,41.5,57.6
NC,Person,44.1,55.1
NC,Pitt,53,46.3
NC,Polk,38.7,60.2
NC,Randolph,24.4,74.6
NC,Richmond,51,48.3
NC,Robeson,57.9,41.3
NC,Rockingham,38.9,60.3
NC,Rowan,36.5,62.5
NC,Rutherford,32.7,66.2
NC,Sampson,44.2,55.2
NC,Scotland,58,41.4
NC,Stanly,29.3,69.7
NC,Stokes,27.9,70.8
NC,Surry,30.9,67.9
NC,Swain,45.9,52.2
NC,Transylvania,40.9,57.8
NC,Tyrrell,47,52.3
NC,Union,34.3,64.7
NC,Vance,64,35.7
NC,Wake,54.5,44.2
NC,Warren,67.9,31.8
NC,Washington,59,40.5
NC,Watauga,47.5,50.1
NC,Wayne,45.4,54
NC,Wilkes,28,70.7
NC,Wilson,53.3,46
NC,Yadkin,23.6,75
NC,Yancey,42.3,56.2
ND,Adams,25.6,71.5
ND,Barnes,43.7,54
ND,Benson,57.4,40.4
ND,Billings,15.4,81.8
ND,Bottineau,33.4,64.5
ND,Bowman,23.8,73.9
ND,Burke,22.7,75.5
ND,Burleigh,32.7,64.9
ND,Cass,47.3,50.2
ND,Cavalier,39.8,58
ND,Dickey,33.8,63.7
ND,Divide,33.2,63.5
ND,Dunn,24.6,74.6
ND,Eddy,42.2,55
ND,Emmons,20.6,76.8
ND,Foster,36.1,61.4
ND,Golden Valley,17.4,80.1
ND,Grand Forks,47,50.5
ND,Grant,23.9,73.2
ND,Griggs,40.1,57.7
ND,Hettinger,23.2,73.9
ND,Kidder,30,66.4
ND,LaMoure,33.8,63.1
ND,Logan,21.2,76.7
ND,McHenry,34.8,62.2
ND,McIntosh,30.2,68.1
ND,McKenzie,27.1,71.6
ND,McLean,33.9,64
ND,Mercer,26.4,71.3
ND,Morton,33.1,64.2
ND,Mountrail,40.7,56.9
ND,Nelson,45.9,51.7
ND,Oliver,27.8,68.6
ND,Pembina,38.6,58.7
ND,Pierce,30.3,67.6
ND,Ramsey,43.5,53.5
ND,Ransom,55.6,41.8
ND,Renville,31.3,66.8
ND,Richland,42.3,55.8
ND,Rolette,74,24.1
ND,Sargent,54,44.1
ND,Sheridan,19.9,78.8
ND,Sioux,79.1,19.6
ND,Slope,19.1,78.6
ND,Stark,24.3,73.7
ND,Steele,50.1,48.2
ND,Stutsman,37.8,59.8
ND,Towner,43.9,53.2
ND,Traill,46.4,51.1
ND,Walsh,41.8,55.5
ND,Ward,33.3,64.1
ND,Wells,28.4,69.8
ND,Williams,23.8,73.8
NE,Adams,32.1,66.1
NE,Antelope,17.8,80.6
NE,Arthur,11.5,87
NE,Banner,13.7,84.3
NE,Blaine,9.6,89
NE,Boone,22,76.3
NE,Box Butte,36,61.6
NE,Boyd,17.8,81.4
NE,Brown,14.4,84
NE,Buffalo,27.6,70.2
NE,Burt,38.3,60.3
NE,Butler,26.9,71.5
NE,Cass,36,62.4
NE,Cedar,22.3,75.8
NE,Chase,13.6,85.1
NE,Cherry,14.3,83.8
NE,Cheyenne,23.4,74.7
NE,Clay,22.7,75.9
NE,Colfax,31.5,67.1
NE,Cuming,25.8,72.8
NE,Custer,19.7,78.5
NE,Dakota,47.4,51
NE,Dawes,30.3,67
NE,Dawson,28.1,69.9
NE,Deuel,21.2,75.4
NE,Dixon,32.6,65.5
NE,Dodge,37.9,60.6
NE,Douglas,47.2,51.5
NE,Dundy,17.9,80.6
NE,Fillmore,28.2,70.1
NE,Franklin,25,72.7
NE,Frontier,26.8,70.7
NE,Furnas,19.1,79.8
NE,Gage,40.5,57.3
NE,Garden,22.2,76.2
NE,Garfield,15.8,82.1
NE,Gosper,23.6,75.1
NE,Grant,8.3,88.7
NE,Greeley,28.8,69.4
NE,Hall,35.3,62.9
NE,Hamilton,23.5,74.3
NE,Harlan,19.6,78.8
NE,Hayes,9.3,88.4
NE,Hitchcock,17.8,79.7
NE,Holt,18.2,79.8
NE,Hooker,15,83.8
NE,Howard,32,66.2
NE,Jefferson,34.7,63.1
NE,Johnson,38.4,59.5
NE,Kearney,24.1,74.2
NE,Keith,22.9,75.4
NE,Keya Paha,16.6,81.5
NE,Kimball,23.5,73.4
NE,Knox,26.3,71.7
NE,Lancaster,48.7,49.7
NE,Lincoln,28.5,69.1
NE,Logan,15.8,82.6
NE,Loup,17.4,81.5
NE,McPherson,14.1,81.7
NE,Madison,24.9,73.1
NE,Merrick,26.6,71.7
NE,Morrill,20.9,77
NE,Nance,29.7,68.5
NE,Nemaha,34.8,63.3
NE,Nuckolls,26.1,72
NE,Otoe,36.8,61.2
NE,Pawnee,29.8,67.4
NE,Perkins,17,81.5
NE,Phelps,20.2,77.8
NE,Pierce,18.7,79.3
NE,Platte,23.4,75.2
NE,Polk,21.5,77.1
NE,Red Willow,19.3,79.2
NE,Richardson,32.1,65.4
NE,Rock,13.1,85.3
NE,Saline,46.2,52.1
NE,Sarpy,37.3,60.9
NE,Saunders,32.1,65.9
NE,Scotts Bluff,30.2,68
NE,Seward,31.7,66.4
NE,Sheridan,15.9,82
NE,Sherman,36.4,60.9
NE,Sioux,13.7,84.8
NE,Stanton,23.1,74.2
NE,Thayer,27.6,70.5
NE,Thomas,10.3,88.2
NE,Thurston,57.9,41.3
NE,Valley,22.8,75.8
NE,Washington,30.7,67.8
NE,Wayne,29.4,68.1
NE,Webster,25.4,72.5
NE,Wheeler,20.9,77.4
NE,York,21.6,77.1
NH,Acworth,58.6,39.3
NH,Albany,58.3,39
NH,Alexandria,51,46.7
NH,Allenstown,53,45.3
NH,Alstead,61.7,37.3
NH,Alton,35.8,63.7
NH,Amherst,46.6,52
NH,Andover,56.7,41.7
NH,Antrim,54.7,44.3
NH,Ashland,51.6,45.9
NH,Atkinson,37.4,61.8
NH,Auburn,37.6,61.5
NH,Barnstead,46.7,52
NH,Barrington,52.3,46.1
NH,Bartlett,56.8,42.3
NH,Bath,48.5,50
NH,Bedford,36.8,62.4
NH,Belmont,48.9,49.9
NH,Bennington,51.2,47.1
NH,Benton,44.1,53.6
NH,Berlin,69,30.1
NH,Bethlehem,60.8,37.7
NH,Boscawen,55.5,42.5
NH,Bow,51.2,48
NH,Bradford,51.5,46.7
NH,Brentwood,45,53.5
NH,Bridgewater,49.1,50.4
NH,Bristol,48.1,50.6
NH,Brookfield,39.4,57.8
NH,Brookline,43.4,55.1
NH,Campton,57,41.5
NH,Canaan,59.8,38.9
NH,Candia,37.7,61.4
NH,Canterbury,58.2,40.4
NH,Carroll,54.2,44.7
NH,Center Harbor,43,56.7
NH,Charlestown,60.6,38
NH,Chatham,48.4,50.7
NH,Chester,39.5,59.3
NH,Chesterfield,57.4,41.8
NH,Chichester,47.3,50.8
NH,Claremont,60.1,38.5
NH,Clarksville,45.3,52.2
NH,Colebrook,47.7,51.1
NH,Columbia,45.6,53.8
NH,Concord,65.3,33.6
NH,Conway,57.5,41.4
NH,Cornish,60.9,37.9
NH,Croydon,44.6,53.1
NH,Dalton,49,48.8
NH,Danbury,48.8,49.8
NH,Danville,41.5,57.3
NH,Deerfield,42.7,55.9
NH,Deering,49.1,48.8
NH,Derry,47,51.6
NH,Dixville,50,50
NH,Dorchester,47.2,49.7
NH,Dover,60.2,38.1
NH,Dublin,63.3,35.4
NH,Dummer,50.9,47.9
NH,Dunbarton,44.8,54.1
NH,Durham,68.6,30
NH,East Kingston,38.7,59.9
NH,Easton,65.2,33.7
NH,Eaton,57.8,42.2
NH,Effingham,48.1,49.7
NH,Ellsworth,61.5,36.5
NH,Enfield,63.7,34.8
NH,Epping,50.5,47.8
NH,Epsom,46.8,52.2
NH,Errol,45.3,53.6
NH,Exeter,58.4,40.7
NH,Farmington,51.4,47.5
NH,Fitzwilliam,57.2,41.8
NH,Francestown,51.9,43.3
NH,Franconia,62.9,36.3
NH,Franklin,56,42.7
NH,Freedom,47.6,51.9
NH,Fremont,42.2,56
NH,Gilford,46.2,53
NH,Gilmanton,46.4,52.7
NH,Gilsum,53.5,44.4
NH,Goffstown,46,52.8
NH,Gorham,65.4,33.6
NH,Goshen,52.1,46.3
NH,Grafton,49.5,46
NH,Grantham,57.4,41.7
NH,Greenfield,52.7,45.1
NH,Greenland,53.4,45.7
NH,Greenville,53.3,44.4
NH,Groton,46.6,52
NH,Hampstead,38.1,61
NH,Hampton,50.1,49
NH,Hampton Falls,36.7,61.5
NH,Hancock,60.7,38.2
NH,Hanover,75.3,23.8
NH,Harrisville,69,30
NH,Harts Location,69.7,27.3
NH,Haverhill,49.3,49.3
NH,Hebron,43.2,56.1
NH,Henniker,59.2,39.4
NH,Hill,50.9,47.5
NH,Hillsborough,54.1,44.1
NH,Hinsdale,69.6,28.6
NH,Holderness,57.4,41.6
NH,Hollis,44.6,54.2
NH,Hooksett,45.1,53.9
NH,Hopkinton,60.1,39
NH,Hudson,50.6,48
NH,Jackson,61.6,37.7
NH,Jaffrey,54.6,43.9
NH,Jefferson,46,52.2
NH,Keene,69.6,28.9
NH,Kensington,43.6,54.9
NH,Kingston,44.4,54.2
NH,Laconia,50,49
NH,Lancaster,52.9,45.5
NH,Landaff,54.5,44.7
NH,Langdon,56.9,41.8
NH,Lebanon,69.1,29.8
NH,Lee,62.8,35.7
NH,Lempster,47.6,51.2
NH,Lincoln,56,42.3
NH,Lisbon,53.9,45
NH,Litchfield,41.5,57.4
NH,Littleton,54,44.6
NH,Londonderry,43.3,55.8
NH,Loudon,47.2,51.6
NH,Lyman,52.8,45.9
NH,Lyme,76.6,22.5
NH,Lyndeborough,52,46.6
NH,Madbury,58.4,40.4
NH,Madison,56.3,42.3
NH,Manchester,53.9,43.7
NH,Marlborough,69,30
NH,Marlow,61.5,36.2
NH,Mason,39.5,56.8
NH,Meredith,46.6,52.5
NH,Merrimack,46.3,52.3
NH,Middleton,47.9,50.5
NH,Milan,60.1,39.1
NH,Milford,50.3,48.2
NH,Millsfield,22.7,72.7
NH,Milton,49.1,50
NH,Monroe,43.5,53.7
NH,Mont Vernon,46.5,52.2
NH,Moultonborough,39.5,59.8
NH,Nashua,56.3,42.4
NH,Nelson,65,33
NH,New Boston,44.2,54.8
NH,Newbury,49.1,50.3
NH,New Castle,48.4,51.2
NH,New Durham,43.5,55.3
NH,Newfields,51.7,47.8
NH,New Hampton,49.9,49.1
NH,Newington,46.4,52.7
NH,New Ipswich,32.1,66.2
NH,New London,55.1,43.9
NH,Newmarket,62.1,36.4
NH,Newport,50.2,45.4
NH,Newton,43.6,55.1
NH,Northfield,54.4,44.4
NH,North Hampton,48,51.1
NH,Northumberland,62.3,36.7
NH,Northwood,49.3,48.9
NH,Nottingham,48.8,49.3
NH,Orange,59.4,40
NH,Orford,64.4,33.9
NH,Ossipee,45.3,53.8
NH,Pelham,40.3,58.8
NH,Pembroke,54.3,44.6
NH,Peterborough,64.7,34.2
NH,Piermont,60.3,38.1
NH,Pittsburg,35.9,63.3
NH,Pittsfield,49.6,48.4
NH,Plainfield,67.2,31.5
NH,Plaistow,41.3,57.7
NH,Plymouth,65.5,31.5
NH,Portsmouth,67.6,31.3
NH,Randolph,69.1,30.9
NH,Raymond,45.9,52.7
NH,Richmond,48.7,47.9
NH,Rindge,44.2,53.8
NH,Rochester,51.5,46.9
NH,Rollinsford,54.2,44
NH,Roxbury,72.4,27
NH,Rumney,47.7,50.8
NH,Rye,50.5,49
NH,Salem,41.7,57.4
NH,Salisbury,50,48.4
NH,Sanbornton,48.8,50.1
NH,Sandown,39.9,59
NH,Sandwich,60.1,39.7
NH,Seabrook,47.4,51.6
NH,Sharon,62.5,35.1
NH,Shelburne,53.7,45.6
NH,Somersworth,57.7,41
NH,South Hampton,42.2,56.6
NH,Springfield,47.3,51.6
NH,Stark,55.2,44.8
NH,Stewartstown,45,53.9
NH,Stoddard,53.7,44.9
NH,Strafford,49.8,49
NH,Stratford,60.7,38.2
NH,Stratham,49.8,49.5
NH,Sugar Hill,61.2,37.8
NH,Sullivan,58.6,39.3
NH,Sunapee,45.4,53.3
NH,Surry,54.7,44.3
NH,Sutton,54.2,45.2
NH,Swanzey,58.2,40.9
NH,Tamworth,53.4,45.5
NH,Temple,50.5,47.9
NH,Thornton,53.9,44.3
NH,Tilton,53.1,45.4
NH,Troy,55.7,41.6
NH,Tuftonboro,40.2,59
NH,Unity,53.4,45.2
NH,Wakefield,42.3,56.5
NH,Walpole,60.9,37.6
NH,Warner,56.6,41.9
NH,Warren,52.2,46.2
NH,Washington,46.9,51.6
NH,Waterville,56.2,43.4
NH,Weare,44.2,54.4
NH,Webster,54.8,43.6
NH,Wentworth,44.5,53.1
NH,Wentworth's Location,39.1,56.5
NH,Westmoreland,61.7,37.5
NH,Whitefield,56.1,42.3
NH,Wilmot,57.1,41.9
NH,Wilton,51.6,46.3
NH,Winchester,62.7,35.1
NH,Windham,35.9,63.2
NH,Windsor,37.8,59.5
NH,Wolfeboro,43.2,56
NH,Woodstock,58.7,39.5
NJ,Atlantic,58.1,40.9
NJ,Bergen,55,44.1
NJ,Burlington,58.8,40.1
NJ,Camden,67.8,31.2
NJ,Cape May,45,54
NJ,Cumberland,61,37.9
NJ,Essex,77.4,21.9
NJ,Gloucester,54.6,44.1
NJ,Hudson,77.4,21.6
NJ,Hunterdon,40,58.9
NJ,Mercer,67.8,31
NJ,Middlesex,62.9,35.9
NJ,Monmouth,46.7,52.2
NJ,Morris,43.7,55.3
NJ,Ocean,40.6,58.4
NJ,Passaic,63.2,35.9
NJ,Salem,49.6,48.8
NJ,Somerset,52,46.8
NJ,Sussex,37.9,60.3
NJ,Union,66.3,32.8
NJ,Warren,41.3,57
NM,Bernalillo,55.6,39.3
NM,Catron,26.5,70.2
NM,Chaves,32.3,64.7
NM,Cibola,60.2,36.4
NM,Colfax,48.8,46.9
NM,Curry,29.4,68
NM,DeBaca,31.9,65.1
NM,Dona Ana,56,41.1
NM,Eddy,31.8,65.4
NM,Grant,55,41.5
NM,Guadalupe,70.2,26.2
NM,Harding,43.3,54.3
NM,Hidalgo,51.5,46.4
NM,Lea,24,73.7
NM,Lincoln,31.8,64.5
NM,Los Alamos,48.7,45
NM,Luna,47.8,48.9
NM,McKinley,72.1,25.4
NM,Mora,75,22.7
NM,Otero,34.2,62.2
NM,Quay,37.4,59.4
NM,Rio Arriba,74.7,22.1
NM,Roosevelt,28.9,67.8
NM,Sandoval,50.3,45.2
NM,San Juan,34.1,62.6
NM,San Miguel,76.9,20
NM,Santa Fe,73.4,22.4
NM,Sierra,38.5,57.4
NM,Socorro,56.2,38.1
NM,Taos,78.1,17.8
NM,Torrance,37.9,55.2
NM,Union,26.9,70.2
NM,Valencia,48.7,46.3
NV,Carson City,44.1,53.2
NV,Churchill,28.8,68.8
NV,Clark,56.4,41.9
NV,Douglas,35.6,62.4
NV,Elko,22,75.2
NV,Esmeralda,21.1,72.9
NV,Eureka,13.2,82.1
NV,Humboldt,30.2,66.3
NV,Lander,24.7,73
NV,Lincoln,18.6,78.6
NV,Lyon,34.4,63
NV,Mineral,42.4,53.1
NV,Nye,36.1,60.3
NV,Pershing,33.5,61.9
NV,Storey,39.8,57.1
NV,Washoe,50.7,47.2
NV,White Pine,26.5,70.2
NY,Albany,64.4,33.5
NY,Allegany,36.3,61.6
NY,Bronx,91.2,8.3
NY,Brooklyn,81.4,17.6
NY,Broome,50.9,46.4
NY,Cattaraugus,42.4,55.8
NY,Cayuga,54.3,43.6
NY,Chautauqua,45,53.3
NY,Chemung,47.8,50.7
NY,Chenango,47.2,50.6
NY,Clinton,62,36.4
NY,Columbia,54.8,43
NY,Cortland,53.4,44.6
NY,Delaware,44.2,53.7
NY,Dutchess,52.5,45.8
NY,Erie,56.9,41.3
NY,Essex,56.7,41.7
NY,Franklin,62.4,36.1
NY,Fulton,43.9,54.4
NY,Genesee,38.5,59.4
NY,Greene,43.3,54.4
NY,Hamilton,36,62.2
NY,Herkimer,44.8,53.2
NY,Jefferson,47.9,50.8
NY,Lewis,45,53.6
NY,Livingston,44.3,53.7
NY,Madison,49.1,48.8
NY,Manhattan,84.2,14.6
NY,Monroe,57.8,40.4
NY,Montgomery,47,51.4
NY,Nassau,52.9,46.2
NY,Niagara,49.4,48.8
NY,Oneida,46.5,51.8
NY,Onondaga,59.7,38.6
NY,Ontario,48.2,49.8
NY,Orange,51.9,46.7
NY,Orleans,39.3,58.7
NY,Oswego,52.8,45
NY,Otsego,50,48
NY,Putnam,43.7,54.9
NY,Queens,78.8,20.3
NY,Rensselaer,54.8,43
NY,Rockland,52.8,46.2
NY,Saint Lawrence,57.5,40.9
NY,Saratoga,50.1,48
NY,Schenectady,56.7,41.3
NY,Schoharie,40.7,57.3
NY,Schuyler,44.9,52.8
NY,Seneca,53.7,44.5
NY,Staten Island,49.9,49.1
NY,Steuben,40.9,57.3
NY,Suffolk,50.8,48
NY,Sullivan,54.4,44
NY,Tioga,41.4,56.5
NY,Tompkins,68.2,28.5
NY,Ulster,59.8,37.9
NY,Warren,50,47.9
NY,Washington,49.8,48.2
NY,Wayne,44.4,53.7
NY,Westchester,60.4,38.2
NY,Wyoming,34.3,63.9
NY,Yates,47.7,50.6
OH,Adams,35.8,62
OH,Allen,36.3,62
OH,Ashland,33.9,63.9
OH,Ashtabula,55,42.8
OH,Athens,66.1,31.1
OH,Auglaize,24.7,73.6
OH,Belmont,44.8,53.2
OH,Brown,36.5,61.6
OH,Butler,36.1,62.3
OH,Carroll,41.6,55.4
OH,Champaign,39.1,59.2
OH,Clark,48.3,50.1
OH,Clermont,31.4,67
OH,Clinton,31.4,66.5
OH,Columbiana,42.9,55
OH,Coshocton,44,53.4
OH,Crawford,37.6,60.2
OH,Cuyahoga,68.8,30.2
OH,Darke,26.6,71.5
OH,Defiance,41.9,56
OH,Delaware,37.5,61.2
OH,Erie,54.8,43.5
OH,Fairfield,41.1,57.3
OH,Fayette,38.2,60.5
OH,Franklin,60.1,38.4
OH,Fulton,42.3,55.5
OH,Gallia,35.9,62
OH,Geauga,38.5,60.1
OH,Greene,38.3,60
OH,Guernsey,44.1,53.7
OH,Hamilton,51.8,46.9
OH,Hancock,34.9,63.2
OH,Hardin,36.9,60.4
OH,Harrison,41.4,56.2
OH,Henry,39.6,58.2
OH,Highland,33.6,64.3
OH,Hocking,48.3,49.4
OH,Holmes,22.6,75.4
OH,Huron,44.3,53.2
OH,Jackson,38.4,59.2
OH,Jefferson,46.3,51.7
OH,Knox,36.8,61.1
OH,Lake,48.3,50
OH,Lawrence,41.4,56.9
OH,Licking,41.7,56.3
OH,Logan,33.1,64.9
OH,Lorain,56.4,41.9
OH,Lucas,64.3,33.9
OH,Madison,38.9,59.3
OH,Mahoning,63.2,35.5
OH,Marion,45.1,52.7
OH,Medina,42.6,55.7
OH,Meigs,39.2,57.9
OH,Mercer,21.8,76.6
OH,Miami,31.3,66.9
OH,Monroe,44.6,52.5
OH,Montgomery,50.7,47.7
OH,Morgan,45.9,51.9
OH,Morrow,36.6,61.1
OH,Muskingum,45.4,52.4
OH,Noble,36.2,60.8
OH,Ottawa,51.1,47.1
OH,Paulding,38.5,58.9
OH,Perry,46.7,51.1
OH,Pickaway,39.8,58.5
OH,Pike,48.9,49.3
OH,Portage,51.4,46.6
OH,Preble,30.6,67.3
OH,Putnam,23.4,74.8
OH,Richland,38.9,59.1
OH,Ross,48,50.4
OH,Sandusky,49.8,47.9
OH,Scioto,48.1,50
OH,Seneca,44.5,52.9
OH,Shelby,26.2,72.2
OH,Stark,48.9,49.2
OH,Summit,56.7,41.9
OH,Trumbull,60.2,38
OH,Tuscarawas,43.9,53.7
OH,Union,34.3,63.9
OH,Van Wert,28.9,69.4
OH,Vinton,44.5,52.3
OH,Warren,29.5,69.1
OH,Washington,39.4,58.8
OH,Wayne,38.4,59.7
OH,Williams,40.8,57.1
OH,Wood,51,46.8
OH,Wyandot,38.6,59
OK,Adair,32.6,67.4
OK,Alfalfa,15.3,84.7
OK,Atoka,26,74
OK,Beaver,10.6,89.4
OK,Beckham,20.5,79.5
OK,Blaine,26,74
OK,Bryan,27.8,72.2
OK,Caddo,35.8,64.2
OK,Canadian,22.8,77.2
OK,Carter,28.7,71.3
OK,Cherokee,43,57
OK,Choctaw,29.5,70.5
OK,Cimarron,9.6,90.4
OK,Cleveland,37,63
OK,Coal,27.5,72.5
OK,Comanche,41.5,58.5
OK,Cotton,26.8,73.2
OK,Craig,33,67
OK,Creek,27.3,72.7
OK,Custer,24.1,75.9
OK,Delaware,29.3,70.7
OK,Dewey,14.5,85.5
OK,Ellis,12.5,87.5
OK,Garfield,23.8,76.2
OK,Garvin,27,73
OK,Grady,24.4,75.6
OK,Grant,19,81
OK,Greer,26.6,73.4
OK,Harmon,28.6,71.4
OK,Harper,12.1,87.9
OK,Haskell,27.7,72.3
OK,Hughes,32.6,67.4
OK,Jackson,24.7,75.3
OK,Jefferson,26.9,73.1
OK,Johnston,30,70
OK,Kay,28.7,71.3
OK,Kingfisher,15.8,84.2
OK,Kiowa,32.3,67.7
OK,Latimer,30.9,69.1
OK,LeFlore,29.4,70.6
OK,Lincoln,25.5,74.5
OK,Logan,27.6,72.4
OK,Love,29.8,70.2
OK,McClain,22.3,77.7
OK,McCurtain,24.2,75.8
OK,McIntosh,38.1,61.9
OK,Major,14.2,85.8
OK,Marshall,27.2,72.8
OK,Mayes,33.4,66.6
OK,Murray,29.9,70.1
OK,Muskogee,42.6,57.4
OK,Noble,24.7,75.3
OK,Nowata,30.5,69.5
OK,Okfuskee,35,65
OK,Oklahoma,8,11.2
OK,Okmulgee,41.3,58.7
OK,Osage,37.4,62.6
OK,Ottawa,35.2,64.8
OK,Pawnee,30,70
OK,Payne,35.8,64.2
OK,Pittsburg,30.9,69.1
OK,Pontotoc,30.6,69.4
OK,Pottawatomie,30.7,69.3
OK,Pushmataha,25.3,74.7
OK,Roger Mills,16.2,83.8
OK,Rogers,24.9,75.1
OK,Seminole,34.9,65.1
OK,Sequoyah,30.5,69.5
OK,Stephens,23.4,76.6
OK,Texas,14.8,85.2
OK,Tillman,33.3,66.7
OK,Tulsa,36.3,63.7
OK,Wagoner,27.2,72.8
OK,Washington,26.1,73.9
OK,Washita,19.1,80.9
OK,Woods,19.7,80.3
OK,Woodward,16,84
OR,Baker,28.3,68.2
OR,Benton,62.5,33.7
OR,Clackamas,50.7,47.2
OR,Clatsop,55.9,41.3
OR,Columbia,50.8,45.7
OR,Coos,45.2,51.6
OR,Crook,30.5,67
OR,Curry,40,57
OR,Deschutes,45.2,52.5
OR,Douglas,34.7,62.3
OR,Gilliam,35.5,61
OR,Grant,22.1,75.4
OR,Harney,23.5,73.5
OR,Hood River,61.9,35.2
OR,Jackson,46,51.1
OR,Jefferson,40.6,57.4
OR,Josephine,37.6,59.6
OR,Klamath,29.6,67.8
OR,Lake,20.9,76.2
OR,Lane,60.1,36.7
OR,Lincoln,58.7,38.1
OR,Linn,39.8,57
OR,Malheur,27.8,69.5
OR,Marion,47,50.6
OR,Morrow,31,65.8
OR,Multnomah,75.8,20.9
OR,Polk,46.4,51.1
OR,Sherman,31.1,66.4
OR,Tillamook,50.6,45.9
OR,Umatilla,34.5,62.6
OR,Union,33.1,63.9
OR,Wallowa,30.2,67.3
OR,Wasco,48,48.8
OR,Washington,57.5,40
OR,Wheeler,31.2,64.4
OR,Yamhill,45.3,52
PA,Adams,35.5,63.1
PA,Allegheny,56.6,42.2
PA,Armstrong,30.7,67.9
PA,Beaver,46,52.6
PA,Bedford,22.1,77
PA,Berks,48.9,49.5
PA,Blair,32.6,66.1
PA,Bradford,36.8,61.5
PA,Bucks,50,48.8
PA,Butler,31.9,66.8
PA,Cambria,40.2,58
PA,Cameron,34.4,64.3
PA,Carbon,45.6,52.5
PA,Centre,48.9,49
PA,Chester,49.2,49.7
PA,Clarion,31.1,67.2
PA,Clearfield,34.8,63.7
PA,Clinton,43.5,54.8
PA,Columbia,42.9,55.3
PA,Crawford,39.4,58.9
PA,Cumberland,40,58.5
PA,Dauphin,52.4,46.4
PA,Delaware,60.4,38.6
PA,Elk,41.4,57.1
PA,Erie,57.8,40.9
PA,Fayette,45.3,53.6
PA,Forest,38.7,59.8
PA,Franklin,30.1,68.6
PA,Fulton,21.1,77.7
PA,Greene,40.5,58.2
PA,Huntingdon,30.6,68
PA,Indiana,39.8,58.6
PA,Jefferson,26.6,72
PA,Juniata,26.7,72
PA,Lackawanna,63.1,35.8
PA,Lancaster,39.7,58.9
PA,Lawrence,44.9,53.9
PA,Lebanon,35.3,63.2
PA,Lehigh,53.2,45.6
PA,Luzerne,51.7,46.8
PA,Lycoming,32.7,66
PA,McKean,35,63.2
PA,Mercer,48,50.6
PA,Mifflin,26.1,72.9
PA,Monroe,56.4,42.3
PA,Montgomery,56.6,42.3
PA,Montour,38.9,59.5
PA,Northampton,51.6,47.1
PA,Northumberland,39.3,58.8
PA,Perry,29.8,68.6
PA,Philadelphia,85.2,14.1
PA,Pike,43.9,54.9
PA,Potter,26.3,72.2
PA,Schuylkill,42.5,55.9
PA,Snyder,31.2,67.2
PA,Somerset,27.8,70.7
PA,Sullivan,35,63.4
PA,Susquehanna,38.4,59.9
PA,Tioga,31.7,66.5
PA,Union,37.5,60.9
PA,Venango,36,62.2
PA,Warren,41.1,57.2
PA,Washington,42.7,56
PA,Wayne,38.8,59.8
PA,Westmoreland,37.6,61.3
PA,Wyoming,42.9,55.2
PA,York,38.7,59.9
RI,Barrington,58.3,40.2
RI,Bristol,62.1,36.3
RI,Burrillville,53.5,44.4
RI,Central Falls,86.1,12.9
RI,Charlestown,58.8,39
RI,Coventry,55.4,42.4
RI,Cranston,61.3,37.3
RI,Cumberland,55.9,42.7
RI,East Greenwich,50.1,48.5
RI,East Providence,69.8,28.5
RI,Exeter,51.9,45.7
RI,Foster,52.7,44.8
RI,Glocester,50.4,48.1
RI,Hopkinton,55.8,41.5
RI,Jamestown,60.8,37
RI,Johnston,57.3,41.4
RI,Lincoln,54.7,43.8
RI,Little Compton,56.1,41.9
RI,Middletown,59.7,38.6
RI,Narragansett,55.8,42.1
RI,Newport,66.5,31.8
RI,New Shoreham,68.7,28.6
RI,North Kingstown,53.6,44.1
RI,North Providence,63.1,35.4
RI,North Smithfield,50.7,47.4
RI,Pawtucket,76.4,22.1
RI,Portsmouth,53.7,44.6
RI,Providence,84.3,13.9
RI,Richmond,54.3,42.4
RI,Scituate,45.6,52.5
RI,Smithfield,51.9,46.4
RI,South Kingstown,63.1,34.6
RI,Tiverton,51.9,46.4
RI,Warren,63.2,34.9
RI,Warwick,60.7,37.3
RI,Westerly,57.5,40.9
RI,West Greenwich,49.3,48.9
RI,West Warwick,60.4,37.5
RI,Woonsocket,64.8,33.4
SD,Aurora,39.7,57.4
SD,Beadle,39.7,58.2
SD,Bennett,45.6,52
SD,Bon Homme,38,59.5
SD,Brookings,47,50.2
SD,Brown,45.1,51.8
SD,Brule,34.6,63
SD,Buffalo,73.6,25.9
SD,Butte,23.8,73
SD,Campbell,19.4,78.3
SD,Charles Mix,39.4,59.3
SD,Clark,39.2,58.6
SD,Clay,56.5,41
SD,Codington,39.8,58.1
SD,Corson,54,43
SD,Custer,29.5,67.7
SD,Davison,38.2,59.7
SD,Day,52.1,45.9
SD,Deuel,43.3,54.1
SD,Dewey,63.7,35
SD,Douglas,19.6,78.9
SD,Edmunds,32.1,65.3
SD,Fall River,32.4,64.3
SD,Faulk,29.4,67.9
SD,Grant,41.4,56.4
SD,Gregory,27.8,70.1
SD,Haakon,12.6,86.1
SD,Hamlin,33,64.6
SD,Hand,31.1,67.2
SD,Hanson,31.5,67.3
SD,Harding,11.1,86.3
SD,Hughes,34.2,64
SD,Hutchinson,26.9,71.6
SD,Hyde,25.8,72.4
SD,Jackson,38.5,59.8
SD,Jerauld,44.9,53.5
SD,Jones,17.7,80.5
SD,Kingsbury,41.9,55.6
SD,Lake,43.3,54.4
SD,Lawrence,35,61.8
SD,Lincoln,36.4,62
SD,Lyman,38.6,59.5
SD,McCook,34.6,63.3
SD,McPherson,22.4,75.8
SD,Marshall,53.4,44.7
SD,Meade,27.1,69.9
SD,Mellette,48.8,49.5
SD,Miner,42,55.8
SD,Minnehaha,45.3,52.7
SD,Moody,47.1,50.6
SD,Pennington,34,63.5
SD,Perkins,20.1,75.8
SD,Potter,24.5,74.5
SD,Roberts,54.1,44.2
SD,Sanborn,34.9,61.7
SD,Shannon,93.4,6
SD,Spink,42.7,54.9
SD,Stanley,28.2,69
SD,Sully,22.8,74.9
SD,Todd,79.1,19.9
SD,Tripp,27.4,70.8
SD,Turner,33.5,64.5
SD,Union,36.6,61.8
SD,Walworth,27.3,70.3
SD,Yankton,42.4,55
SD,Ziebach,57.7,41.3
TN,Anderson,34.1,63.9
TN,Bedford,29.1,69.5
TN,Benton,36.2,61.9
TN,Bledsoe,29.1,69.3
TN,Blount,26.3,72
TN,Bradley,22.3,76.3
TN,Campbell,27.5,71.1
TN,Cannon,31.4,66.6
TN,Carroll,32,66.6
TN,Carter,23.2,75.2
TN,Cheatham,30.7,67.6
TN,Chester,25.4,73
TN,Claiborne,23.9,74.8
TN,Clay,36.8,62
TN,Cocke,24.5,73.9
TN,Coffee,30.5,67.6
TN,Crockett,30.4,68.8
TN,Cumberland,24.8,73.9
TN,Davidson,58.5,39.8
TN,Decatur,30.6,67.6
TN,DeKalb,33.8,64.5
TN,Dickson,34.9,63.3
TN,Dyer,27.2,71.9
TN,Fayette,34.2,64.8
TN,Fentress,22.6,76.1
TN,Franklin,34.7,63.7
TN,Gibson,33.4,65.5
TN,Giles,34.8,64
TN,Grainger,23,75.4
TN,Greene,26,72
TN,Grundy,38.8,59.3
TN,Hamblen,26.1,72.5
TN,Hamilton,41.3,56.1
TN,Hancock,23.2,74.6
TN,Hardeman,52.5,46.6
TN,Hardin,23.5,75.1
TN,Hawkins,25.7,72.6
TN,Haywood,60.4,39.1
TN,Henderson,25,73.8
TN,Henry,34.1,64.3
TN,Hickman,35.5,62.6
TN,Houston,46.3,52.2
TN,Humphreys,42.3,55.8
TN,Jackson,41.6,57
TN,Jefferson,24.1,74.2
TN,Johnson,23.9,74.4
TN,Knox,34.4,63.6
TN,Lake,42.4,55.7
TN,Lauderdale,46.2,53.1
TN,Lawrence,27.8,70.8
TN,Lewis,30.8,66.4
TN,Lincoln,24.8,73.9
TN,Loudon,22.9,75.7
TN,McMinn,25.8,72.7
TN,McNairy,26.9,71.5
TN,Macon,22.5,76.2
TN,Madison,45.1,54
TN,Marion,38,60.2
TN,Marshall,34.7,63.6
TN,Maury,35.8,62.7
TN,Meigs,29.4,68.9
TN,Monroe,26.8,71.8
TN,Montgomery,43.9,54.4
TN,Moore,25.2,73.3
TN,Morgan,26.5,71.8
TN,Obion,27,71.7
TN,Overton,36.6,62.3
TN,Perry,37.8,60.2
TN,Pickett,29.1,69.8
TN,Polk,30.6,67.8
TN,Putnam,30.6,67.7
TN,Rhea,24.8,73.7
TN,Roane,28.5,69.8
TN,Robertson,31.5,67.1
TN,Rutherford,36.8,61.6
TN,Scott,21.8,76.7
TN,Sequatchie,28.9,68.9
TN,Sevier,21.9,76.7
TN,Shelby,62.6,36.6
TN,Smith,34.8,63.4
TN,Stewart,40.4,57.9
TN,Sullivan,25.6,72.7
TN,Sumner,28.4,70.4
TN,Tipton,29.6,69.2
TN,Trousdale,42.7,55.5
TN,Unicoi,27,71
TN,Union,25.3,73.5
TN,Van Buren,38.1,60.2
TN,Warren,36.5,61.6
TN,Washington,29.8,68.3
TN,Wayne,21.2,77.5
TN,Weakley,28.8,69.7
TN,White,30.6,67.8
TN,Williamson,26,72.7
TN,Wilson,28.5,70.1
TX,Anderson,23.5,75.7
TX,Andrews,17.7,81.2
TX,Angelina,27.6,71.5
TX,Aransas,28,70.8
TX,Archer,12.6,86.5
TX,Armstrong,10.5,88.6
TX,Atascosa,40.4,58.7
TX,Austin,19.4,79.6
TX,Bailey,25.7,73.7
TX,Bandera,19.7,78.7
TX,Bastrop,40.3,57.3
TX,Baylor,16.8,81.5
TX,Bee,43.8,55.3
TX,Bell,41.2,57.6
TX,Bexar,51.6,47
TX,Blanco,24.5,73.2
TX,Borden,8.8,89.5
TX,Bosque,18.6,80.1
TX,Bowie,28.8,70.3
TX,Brazoria,32.3,66.4
TX,Brazos,31.2,66.5
TX,Brewster,45.7,51.1
TX,Briscoe,16.7,82.3
TX,Brooks,78.5,21.1
TX,Brown,13.7,85.3
TX,Burleson,26.4,72.4
TX,Burnet,21.9,76.5
TX,Caldwell,43.3,54.4
TX,Calhoun,37.2,61.4
TX,Callahan,14.5,84.2
TX,Cameron,65.7,33.4
TX,Camp,33,66.4
TX,Carson,10.5,88.3
TX,Cass,24.8,74.4
TX,Castro,29.7,69.4
TX,Chambers,18.9,80.1
TX,Cherokee,24,75
TX,Childress,16,83.4
TX,Clay,14.6,84.4
TX,Cochran,27.9,70.7
TX,Coke,12.7,86.5
TX,Coleman,12.7,86.3
TX,Collin,33.5,65.1
TX,Collingsworth,15.4,83.7
TX,Colorado,25,74.3
TX,Comal,22.2,76.3
TX,Comanche,18.2,80.5
TX,Concho,19.4,79.2
TX,Cooke,15.7,83.3
TX,Coryell,31.1,67.6
TX,Cottle,24.4,74.8
TX,Crane,21.4,76.8
TX,Crockett,32.9,65.7
TX,Crosby,35.8,63.3
TX,Culberson,64.6,33.6
TX,Dallam,16.5,81.5
TX,Dallas,57.1,41.7
TX,Dawson,27.9,71.2
TX,Deaf Smith,28.8,70.6
TX,Delta,22.5,75.5
TX,Denton,33.3,65
TX,De Witt,22.1,77.2
TX,Dickens,21.2,77.8
TX,Dimmit,73.4,26.1
TX,Donley,14.7,83.9
TX,Duval,76.7,22.5
TX,Eastland,14.9,83.8
TX,Ector,25,73.9
TX,Edwards,26.3,72.6
TX,Ellis,25.7,73.2
TX,El Paso,65.6,33
TX,Erath,15.8,82.8
TX,Falls,37.4,61.8
TX,Fannin,23,75.5
TX,Fayette,21.9,76.9
TX,Fisher,31.4,67.2
TX,Floyd,26.4,73
TX,Foard,28.4,70.2
TX,Fort Bend,46.1,52.9
TX,Franklin,17.6,81
TX,Freestone,24.4,74.6
TX,Frio,59.9,39.3
TX,Gaines,13.2,85.7
TX,Galveston,35.9,62.8
TX,Garza,17.7,81.1
TX,Gillespie,16.4,82.2
TX,Glasscock,7.6,91
TX,Goliad,32.6,66.5
TX,Gonzales,29.4,69.8
TX,Gray,12,87.2
TX,Grayson,25.3,73.2
TX,Gregg,29.8,69.3
TX,Grimes,27.2,71.4
TX,Guadalupe,31.8,66.9
TX,Hale,25.4,73.2
TX,Hall,23.9,75.1
TX,Hamilton,16.6,82.2
TX,Hansford,8.1,91.2
TX,Hardeman,20.2,78.7
TX,Hardin,15.8,83.3
TX,Harris,49.4,49.3
TX,Harrison,32.3,66.9
TX,Hartley,9.6,89.3
TX,Haskell,27.5,70.9
TX,Hays,43.3,53.7
TX,Hemphill,12.7,86
TX,Henderson,22.1,76.9
TX,Hidalgo,70.4,28.6
TX,Hill,22.8,75.9
TX,Hockley,20.8,77.9
TX,Hood,17.1,81.7
TX,Hopkins,21.8,77.2
TX,Houston,27.5,71.8
TX,Howard,20.3,78.5
TX,Hudspeth,44,54.7
TX,Hunt,23.8,75
TX,Hutchinson,13.2,85.9
TX,Irion,14.2,84.8
TX,Jack,10.4,88.8
TX,Jackson,21.3,77.8
TX,Jasper,25.3,73.7
TX,Jeff Davis,37,60.4
TX,Jefferson,50.4,48.8
TX,Jim Hogg,78,21.4
TX,Jim Wells,58.2,41.2
TX,Johnson,21.5,77.1
TX,Jones,22,76.6
TX,Karnes,31.7,67.5
TX,Kaufman,27.3,71.7
TX,Kendall,17.1,81.6
TX,Kenedy,49.4,50
TX,Kent,16.3,82.7
TX,Kerr,19.8,79
TX,Kimble,11.5,88.2
TX,King,3.4,95.9
TX,Kinney,36.6,61.8
TX,Kleberg,53.4,45.6
TX,Knox,22,76.8
TX,Lamar,24.3,74.6
TX,Lamb,24.4,74.7
TX,Lampasas,20.4,78.2
TX,La Salle,58.6,40.6
TX,La Vaca,17.2,82
TX,Lee,26.2,72.5
TX,Leon,15.3,83.7
TX,Liberty,22.9,76.2
TX,Limestone,29.2,69.9
TX,Lipscomb,10.2,89.4
TX,Live Oak,22.3,76.8
TX,Llano,19.1,79.6
TX,Loving,14.1,84.4
TX,Lubbock,28.8,69.7
TX,Lynn,25.1,74.4
TX,Madison,24,75.2
TX,Marion,34.8,63.9
TX,Martin,15.5,84
TX,Mason,19.3,79.5
TX,Matagorda,32.8,66.3
TX,Maverick,78.6,20.6
TX,McCulloch,17.9,80.8
TX,McLennan,34.5,64.3
TX,McMullen,13.2,85.8
TX,Medina,29.8,69.1
TX,Menard,20.1,78.4
TX,Midland,18.6,80.1
TX,Milam,32,66.6
TX,Mills,12.7,85.7
TX,Mitchell,23.2,75.9
TX,Montague,14.4,84.5
TX,Montgomery,19,79.7
TX,Moore,19.3,79.6
TX,Morris,36.2,62.9
TX,Motley,9.2,89.8
TX,Nacogdoches,31.3,67.5
TX,Navarro,28.4,70.8
TX,Newton,27.8,71.1
TX,Nolan,26.6,71.8
TX,Nueces,47.7,50.9
TX,Ochiltree,8.5,90.9
TX,Oldham,8.2,90.9
TX,Orange,22.3,76.6
TX,Palo Pinto,19.4,79.2
TX,Panola,21.6,77.7
TX,Parker,16.5,82.3
TX,Parmer,20.7,78.8
TX,Pecos,38.4,60.6
TX,Polk,25.4,73.6
TX,Potter,26.9,71.6
TX,Presidio,70.4,27.9
TX,Rains,18.5,80.3
TX,Randall,15.2,83.4
TX,Reagan,18.7,80.2
TX,Real,18.1,80.6
TX,Red River,29.2,69.9
TX,Reeves,57.5,41.3
TX,Refugio,37.3,62.1
TX,Roberts,5.7,92.9
TX,Robertson,38.4,60.7
TX,Rockwall,22.8,76
TX,Runnels,14.1,84.7
TX,Rusk,24,75.1
TX,Sabine,17.6,81.5
TX,San Augustine,32.3,66.9
TX,San Jacinto,25.1,73.9
TX,San Patricio,39.1,59.8
TX,San Saba,14.3,84.4
TX,Schleicher,21.8,77.3
TX,Scurry,16.7,82.1
TX,Shackelford,9.6,89.4
TX,Shelby,25,74.2
TX,Sherman,11.7,87.5
TX,Smith,26.1,73
TX,Somervell,17.4,81.5
TX,Starr,86.4,13
TX,Stephens,13.9,84.9
TX,Sterling,6.3,92.9
TX,Stonewall,23.7,75.1
TX,Sutton,24.8,74.5
TX,Swisher,25.6,73
TX,Tarrant,41.4,57.1
TX,Taylor,22.5,76.1
TX,Terrell,33.3,64.7
TX,Terry,28.6,70.2
TX,Throckmorton,13.4,86.1
TX,Titus,30,69
TX,Tom Green,25.3,73.2
TX,Travis,60.2,36.2
TX,Trinity,25.9,72.8
TX,Tyler,21.8,77.3
TX,Upshur,19.6,79.4
TX,Upton,25.6,73.3
TX,Uvalde,45.4,53.7
TX,Val Verde,52.1,46.6
TX,Van Zandt,16.2,82.8
TX,Victoria,30.5,68.3
TX,Walker,35.1,63.5
TX,Waller,40.8,58.3
TX,Ward,25.8,73
TX,Washington,23.5,75.5
TX,Webb,76.6,22.6
TX,Wharton,30.1,69.2
TX,Wheeler,10.9,88.3
TX,Wichita,25.6,72.7
TX,Wilbarger,24.4,74.3
TX,Willacy,71.1,28
TX,Williamson,37.9,59.5
TX,Wilson,28,71
TX,Winkler,22.8,76.3
TX,Wise,15.6,83
TX,Wood,17.4,81.6
TX,Yoakum,19.2,79.8
TX,Young,13.6,85.1
TX,Zapata,71.3,28.1
TX,Zavala,83.3,15.7
VA,Accomack,47.8,51.3
VA,Albemarle,55.3,43.3
VA,Alleghany,47.5,50.2
VA,Amelia,36.1,62.8
VA,Amherst,39.5,59.3
VA,Appomattox,31,67.4
VA,Arlington,69.2,29.4
VA,Augusta,28.1,70.3
VA,Bath,40.3,57.4
VA,Bedford,26.8,71.9
VA,Bland,25,73
VA,Botetourt,29.9,68.5
VA,Brunswick,62.2,36.9
VA,Buchanan,32.1,66.8
VA,Buckingham,50.3,47.9
VA,Campbell,29.6,69
VA,Caroline,53.4,45.2
VA,Carroll,28.4,67.8
VA,Charles City,65.8,33.1
VA,Charlotte,42.4,56.1
VA,Chesterfield,45.8,52.9
VA,Clarke,41.9,55.6
VA,Craig,31.2,66
VA,Culpeper,41,57.4
VA,Cumberland,48.1,50.4
VA,Dickenson,35.9,62.1
VA,Dinwiddie,48.2,50.7
VA,Essex,53.1,45.9
VA,Fairfax,59.3,39.5
VA,Fauquier,39.3,59.3
VA,Floyd,35.8,61.3
VA,Fluvanna,46.3,52.5
VA,Franklin,34.1,62.6
VA,Frederick,35,63
VA,Giles,36.2,61.8
VA,Gloucester,35.1,63.1
VA,Goochland,35.2,63.6
VA,Grayson,29.3,67.2
VA,Greene,36.5,61.8
VA,Greensville,63.7,35.9
VA,Halifax,46.6,52.2
VA,Hanover,31,67.7
VA,Henrico,55.3,43.6
VA,Henry,41.4,56.1
VA,Highland,32.5,65.5
VA,Isle of Wight,42.1,56.8
VA,James City,43.4,55.5
VA,King and Queen,47.8,51.1
VA,King George,39.7,58.5
VA,King William,37.5,61.4
VA,Lancaster,44.6,53.2
VA,Lee,27,71.4
VA,Loudoun,51.6,47.1
VA,Louisa,42.4,56.1
VA,Lunenburg,46.9,51.9
VA,Madison,40,58.6
VA,Mathews,33.7,65
VA,Mecklenburg,45.8,53
VA,Middlesex,39.1,59.7
VA,Montgomery,48.6,48.9
VA,Nelson,50.7,48
VA,New Kent,32.5,66.2
VA,Northampton,57.7,41.3
VA,Northumberland,42.2,57.1
VA,Nottoway,48.9,49.8
VA,Orange,42.1,56.6
VA,Page,36.5,62.2
VA,Patrick,29.3,68.2
VA,Pittsylvania,35.5,63
VA,Powhatan,26.3,72.4
VA,Prince Edward,55.6,42.8
VA,Prince George,44.7,54.4
VA,Prince William,57.4,41.4
VA,Pulaski,36.1,60.8
VA,Rappahannock,45.5,53.3
VA,Richmond,41.8,57.3
VA,Roanoke,36.4,62
VA,Rockbridge,40.2,58.1
VA,Rockingham,28.9,69.5
VA,Russell,30.8,67.8
VA,Scott,24,74.7
VA,Shenandoah,33.5,64.9
VA,Smyth,32.7,65.7
VA,Southampton,47.9,51.1
VA,Spotsylvania,43.5,55.1
VA,Stafford,45,53.7
VA,Surry,59.8,38.8
VA,Sussex,61.8,37.3
VA,Tazewell,20.7,78.2
VA,Warren,38.8,59.3
VA,Washington,27.7,70.9
VA,Westmoreland,47.8,47.4
VA,Wise,25.1,73.9
VA,Wythe,30.7,67.5
VA,York,38.9,59.6
VA,Alexandria,71.4,27.5
VA,Bedford City,43.8,54.6
VA,Bristol,33.8,64.9
VA,Buena Vista,36.4,61.9
VA,Charlottesville,75.8,22.4
VA,Chesapeake,50,48.9
VA,Colonial Heights,29.6,69.1
VA,Covington,56.6,41.9
VA,Danville,60.6,38.5
VA,Emporia,66.6,32.9
VA,Fairfax City,57.3,41.1
VA,Falls Church,69.1,29.6
VA,Franklin City,65,34.4
VA,Fredericksburg,62.4,35.6
VA,Galax,39.6,58.6
VA,Hampton,72.1,26.8
VA,Harrisonburg,55.7,42.2
VA,Hopewell,57.5,41.5
VA,Lexington,55.4,42.8
VA,Lynchburg,43.9,54.5
VA,Manassas,55.9,42.6
VA,Manassas Park,62.1,36.7
VA,Martinsville,61.4,36.8
VA,Newport News,64.4,34.4
VA,Norfolk,71.4,27.4
VA,Norton,38.1,60.2
VA,Petersburg,90,9.6
VA,Poquoson,23.7,74.8
VA,Portsmouth,69.3,29.6
VA,Radford,50.8,46.8
VA,Richmond City,77.1,21.4
VA,Roanoke City,59.2,37.7
VA,Salem,38.8,59.4
VA,Staunton,51.2,47.1
VA,Suffolk,57.1,41.9
VA,Virginia Beach,48.1,50.6
VA,Waynesboro,43.7,54.6
VA,Williamsburg,63.5,34.7
VA,Winchester,49.6,48.2
VT,Addison,52.4,45.7
VT,Albany,64.6,33.2
VT,Alburg,64.6,34.3
VT,Andover,59.6,37.6
VT,Arlington,60.4,37.7
VT,Athens,57.9,37.9
VT,Bakersfield,66.2,32.6
VT,Baltimore,54.8,40
VT,Barnard,65,33.7
VT,Barnet,60.4,37.7
VT,Barre,63.6,34.3
VT,Barre Town,54.5,44.4
VT,Barton,62.6,36.4
VT,Belvidere,57.7,40.1
VT,Bennington,70.6,27.5
VT,Benson,64,33.8
VT,Berkshire,60.3,38.6
VT,Berlin,63.6,34.1
VT,Bethel,66.5,31.5
VT,Bloomfield,59.2,40.8
VT,Bolton,71.8,26.7
VT,Bradford,63.1,34.8
VT,Braintree,64.7,33.5
VT,Brandon,67,31.6
VT,Brattleboro,82.1,16.3
VT,Bridgewater,65.4,32.6
VT,Bridport,53.6,43.7
VT,Brighton,56.3,42
VT,Bristol,69.3,28.4
VT,Brookfield,66.2,31.3
VT,Brookline,69.4,29.5
VT,Brownington,59.5,39
VT,Brunswick,63.3,36.7
VT,Burke,60.4,38.1
VT,Burlington,82.4,14.9
VT,Cabot,66.8,30.3
VT,Calais,76.1,21
VT,Cambridge,70.8,27.2
VT,Canaan,60.9,36.9
VT,Castleton,57.7,40.7
VT,Cavendish,58.6,39
VT,Charleston,59.4,39.2
VT,Charlotte,70.1,27.5
VT,Chelsea,53.5,45.1
VT,Chester,65.3,32.9
VT,Chittenden,57.9,40.5
VT,Clarendon,52.8,45.5
VT,Colchester,63.3,35
VT,Concord,54,43.6
VT,Corinth,61.7,36.3
VT,Cornwall,72.9,25.9
VT,Coventry,61.2,37.7
VT,Craftsbury,70.3,24.4
VT,Danby,59.5,37.5
VT,Danville,58.7,40.2
VT,Derby,58.4,40.2
VT,Dorset,63.2,35.2
VT,Dover,57.7,39.9
VT,Dummerston,77.7,20.3
VT,Duxbury,72.6,26.4
VT,East Haven,55.7,41.8
VT,East Montpelier,72.9,25.5
VT,Eden,67.4,30.7
VT,Elmore,71.4,25.8
VT,Enosburgh,65.4,32.6
VT,Essex,63.8,35
VT,Fairfax,59.9,38.8
VT,Fairfield,63.5,35.2
VT,Fair Haven,61.5,36.2
VT,Fairlee,68.4,29
VT,Fayston,72,25.8
VT,Ferrisburg,64.3,33.5
VT,Fletcher,68.2,30.2
VT,Franklin,52.4,46.5
VT,Georgia,56.3,42.1
VT,Glover,69.3,27.5
VT,Goshen,67.5,28.5
VT,Grafton,65.8,31.7
VT,Granby,63.6,34.1
VT,Grand Isle,60.6,37.2
VT,Granville,81.6,14.9
VT,Greensboro,73.5,24.8
VT,Groton,49.4,47.6
VT,Guildhall,51.7,44.8
VT,Guilford,75.4,23.1
VT,Halifax,65.2,34.1
VT,Hancock,66.4,31.5
VT,Hardwick,69,28.7
VT,Hartford,69.4,29.4
VT,Hartland,70.4,28.6
VT,Highgate,57,42
VT,Hinesburg,72,26.9
VT,Holland,57.8,40.9
VT,Hubbardton,59.3,39.6
VT,Huntington,77,21
VT,Hyde Park,71.1,27.4
VT,Ira,57.4,41.7
VT,Irasburg,54.9,44.3
VT,Isle La Motte,59.9,38.7
VT,Jamaica,74.3,23.6
VT,Jay,62.8,35.2
VT,Jericho,65.2,33.6
VT,Johnson,72.1,26.1
VT,Killington,57.7,40.5
VT,Kirby,65.3,32.2
VT,Landgrove,80.4,19.6
VT,Leicester,61,36.7
VT,Lemington,53.8,44.2
VT,Lincoln,74.3,23.1
VT,Londonderry,61.5,37.2
VT,Lowell,60.5,37.9
VT,Ludlow,59.1,39.6
VT,Lunenburg,53.4,43.9
VT,Lyndon,55.6,42.2
VT,Maidstone,48.1,50
VT,Manchester,62.1,36.7
VT,Marlboro,84.5,12.8
VT,Marshfield,65.1,31.6
VT,Mendon,54.1,44.4
VT,Middlebury,78.6,19.7
VT,Middlesex,76.1,21.8
VT,Middletown Springs,61.7,37
VT,Milton,55.9,42.5
VT,Monkton,67.7,30.8
VT,Montgomery,69.3,29.4
VT,Montpelier,82.3,15.6
VT,Moretown,69.9,27.5
VT,Morgan,47.6,51.5
VT,Morristown,71.6,26.9
VT,Mount Holly,59,39.5
VT,Mount Tabor,61,39
VT,Newark,57.3,37.9
VT,Newbury,61.3,36.9
VT,Newfane,77.2,21.1
VT,New Haven,66.3,32.9
VT,Newport,62,35.8
VT,Newport Town,59.1,39.4
VT,Northfield,65.5,32.6
VT,North Hero,54.7,43.7
VT,Norton,48.4,47.3
VT,Norwich,85.1,13.6
VT,Orange,49.2,48.6
VT,Orwell,53.9,44.5
VT,Panton,62.5,36.6
VT,Pawlet,63.2,34.8
VT,Peacham,70.9,27.9
VT,Peru,73.4,25.2
VT,Pittsfield,56.9,41.3
VT,Pittsford,61.2,37.4
VT,Plainfield,78.5,18.2
VT,Plymouth,56.8,40.8
VT,Pomfret,72.1,26.9
VT,Poultney,63.2,34.5
VT,Pownal,66.2,32
VT,Proctor,62.4,36.8
VT,Putney,83.1,14.7
VT,Randolph,66.5,31.3
VT,Reading,69.4,27.3
VT,Readsboro,63.2,34.3
VT,Richford,65.1,33.7
VT,Richmond,71.5,27
VT,Ripton,80.2,17.4
VT,Rochester,71.5,26.7
VT,Rockingham,74.5,23.7
VT,Roxbury,68.5,27.3
VT,Royalton,69.1,28.2
VT,Rupert,62.5,36
VT,Rutland,62.6,35.7
VT,Rutland Town,53.3,45.3
VT,Ryegate,62,36.4
VT,St. Albans,66.2,31.2
VT,St. Albans Town,57.5,41.4
VT,St. George,67.2,31.6
VT,St. Johnsbury,61.3,37
VT,Salisbury,66.2,31.8
VT,Sandgate,58.5,39.6
VT,Searsburg,47.1,41.2
VT,Shaftsbury,62.6,36.2
VT,Sharon,70.6,28.7
VT,Sheffield,63.9,32.6
VT,Shelburne,68.1,31
VT,Sheldon,61.3,36.5
VT,Shoreham,65.3,32.5
VT,Shrewsbury,59.3,38.4
VT,South Burlington,69.3,29.2
VT,South Hero,66.8,32
VT,Springfield,62.3,35.8
VT,Stamford,59.2,38
VT,Stannard,73.9,20.7
VT,Starksboro,70,27.7
VT,Stockbridge,67.7,31
VT,Stowe,68.2,30.2
VT,Strafford,81,16.5
VT,Stratton,51,49
VT,Sudbury,65,33.3
VT,Sunderland,64.3,34.2
VT,Sutton,59.6,39.2
VT,Swanton,60,38.9
VT,Thetford,77.8,20.3
VT,Tinmouth,60.8,37.5
VT,Topsham,56.7,40.9
VT,Townshend,69.3,29.5
VT,Troy,61.7,37
VT,Tunbridge,66,31.5
VT,Underhill,67.3,31
VT,Vergennes,70.8,28
VT,Vernon,52.2,46
VT,Vershire,67.3,30.1
VT,Victory,62.5,37.5
VT,Waitsfield,75.9,21.8
VT,Walden,64.1,33.4
VT,Wallingford,59.3,38.1
VT,Waltham,67.8,28.8
VT,Wardsboro,64.4,34
VT,Warren,78.1,19.9
VT,Washington,60.3,37.4
VT,Waterbury,73.3,24.2
VT,Waterford,52.5,46.2
VT,Waterville,69.8,29.3
VT,Weathersfield,62.9,35.7
VT,Wells,51.5,44.7
VT,West Fairlee,66.3,31.6
VT,Westfield,58.8,38.8
VT,Westford,65.5,33.2
VT,West Haven,63.2,35.2
VT,Westminster,76.8,21.4
VT,Westmore,52.3,46.2
VT,Weston,67.6,31.2
VT,West Rutland,59.7,39.1
VT,West Windsor,66.9,32.3
VT,Weybridge,74.1,23.5
VT,Wheelock,58.5,39.2
VT,Whiting,70.7,28.7
VT,Whitingham,61.6,37
VT,Williamstown,59.2,38.7
VT,Williston,65.2,33.2
VT,Wilmington,66.9,31.6
VT,Windham,67,32.1
VT,Windsor,72,26.1
VT,Winhall,59.5,37.9
VT,Winooski,76,21.6
VT,Wolcott,69.7,28.6
VT,Woodbury,65.6,32.5
VT,Woodford,71.3,26.3
VT,Woodstock,72,26.9
VT,Worcester,76.5,20.4
WA,Adams,32.2,66.1
WA,Asotin,40.4,57.1
WA,Benton,35.3,62.3
WA,Chelan,40.4,57.3
WA,Clallam,48.9,48.5
WA,Clark,48.9,48.8
WA,Columbia,28.5,69.5
WA,Cowlitz,51,46.6
WA,Douglas,34.4,63.3
WA,Ferry,37.6,58
WA,Franklin,36.3,61.5
WA,Garfield,26.3,71.5
WA,Grant,32.3,65
WA,Grays Harbor,55.6,41.6
WA,Island,51,46.6
WA,Jefferson,64,32.7
WA,King,68.8,28.9
WA,Kitsap,54.3,43.2
WA,Kittitas,42.6,55.3
WA,Klickitat,44.3,52.1
WA,Lewis,37.1,60.6
WA,Lincoln,28.4,69.3
WA,Mason,52.2,45.3
WA,Okanogan,41.1,56
WA,Pacific,54.3,42.8
WA,Pend Oreille,37.6,59.3
WA,Pierce,54.3,43.4
WA,San Juan,67.1,29.6
WA,Skagit,51.7,45.9
WA,Skamania,48,49.3
WA,Snohomish,56.9,40.7
WA,Spokane,45.5,51.9
WA,Stevens,34.8,62.5
WA,Thurston,58.1,39.1
WA,Wahkiakum,47.7,48.8
WA,Walla Walla,37.7,60
WA,Whatcom,54.6,42.5
WA,Whitman,46.5,50.2
WA,Yakima,41.5,56.7
WI,Adams,54,45.2
WI,Ashland,64.6,33.8
WI,Barron,48.2,50.5
WI,Bayfield,61.7,36.9
WI,Brown,48.6,50.4
WI,Buffalo,50.9,47.8
WI,Burnett,46.1,52.6
WI,Calumet,43.6,55.1
WI,Chippewa,49.2,49.7
WI,Clark,44.9,53.8
WI,Columbia,56.3,42.7
WI,Crawford,59.3,39.3
WI,Dane,71.1,27.6
WI,Dodge,42.2,56.8
WI,Door,53,46.1
WI,Douglas,65,33.7
WI,Dunn,51.6,46.6
WI,Eau Claire,56.1,42.5
WI,Florence,36.4,62.8
WI,Fond du Lac,42,56.9
WI,Forest,52.1,46.8
WI,Grant,56.2,42.4
WI,Green,58,40.7
WI,Green Lake,39.2,59.8
WI,Iowa,64.7,34.4
WI,Iron,49.3,49.4
WI,Jackson,57,42
WI,Jefferson,45.6,53.2
WI,Juneau,52.9,45.8
WI,Kenosha,55.6,43.3
WI,Kewaunee,46.8,52.2
WI,La Crosse,58,40.7
WI,Lafayette,57.2,41.8
WI,Langlade,43.6,55.4
WI,Lincoln,49.8,49.1
WI,Manitowoc,48,50.8
WI,Marathon,46.4,52.5
WI,Marinette,47.6,51.2
WI,Marquette,51.8,47.3
WI,Menominee,86.6,13
WI,Milwaukee,66.8,32.3
WI,Monroe,49,49.7
WI,Oconto,44.7,54.2
WI,Oneida,48.4,50.5
WI,Outagamie,48.4,50.2
WI,Ozaukee,34.3,64.8
WI,Pepin,50.7,48.5
WI,Pierce,48.8,49.6
WI,Polk,44.7,53.7
WI,Portage,56.3,42.4
WI,Price,49.3,49.3
WI,Racine,51.4,47.8
WI,Richland,57.5,41.4
WI,Rock,61.1,37.9
WI,Rusk,47.3,51.2
WI,St. Croix,43.2,55.4
WI,Sauk,58.8,40.3
WI,Sawyer,49.8,49.3
WI,Shawano,44.5,54.5
WI,Sheboygan,44.8,54.2
WI,Taylor,39.6,59
WI,Trempealeau,56.5,42.4
WI,Vernon,56.5,41.8
WI,Vilas,43,56.1
WI,Walworth,43.2,55.6
WI,Washburn,48,50.8
WI,Washington,29.5,69.6
WI,Waukesha,32.2,67
WI,Waupaca,44.8,54.2
WI,Waushara,44.4,54.6
WI,Winnebago,51.1,47.4
WI,Wood,47.8,50.8
WV,Barbour,30.7,66.4
WV,Berkeley,38.4,59.7
WV,Boone,32.9,64.2
WV,Braxton,41.7,56.6
WV,Brooke,43.2,54.4
WV,Cabell,42.1,56
WV,Calhoun,37.1,59.7
WV,Clay,30.8,65.5
WV,Doddridge,20.8,76.9
WV,Fayette,38.4,59.4
WV,Gilmer,33.4,63.7
WV,Grant,15.6,82.6
WV,Greenbrier,36.4,61.2
WV,Hampshire,28.8,69.2
WV,Hancock,38.1,59.7
WV,Hardy,28.7,68.4
WV,Harrison,37.2,60.7
WV,Jackson,33.4,64.2
WV,Jefferson,46.9,50.9
WV,Kanawha,43.2,55.1
WV,Lewis,27.5,69.7
WV,Lincoln,32.7,64.3
WV,Logan,29.1,68.8
WV,Marion,41.6,55.9
WV,Marshall,34.5,63
WV,Mason,38.5,58.7
WV,McDowell,34,64.1
WV,Mercer,25.5,72.6
WV,Mineral,26.3,71.3
WV,Mingo,27.5,70.1
WV,Monongalia,43.9,53.5
WV,Monroe,28,69.3
WV,Morgan,33.6,64.1
WV,Nicholas,30.4,67.1
WV,Ohio,37.8,60.3
WV,Pendleton,33.1,64.7
WV,Pleasants,33.6,64.3
WV,Pocahontas,36.5,61
WV,Preston,26.3,70.7
WV,Putnam,30.6,67.8
WV,Raleigh,26.8,71.5
WV,Randolph,34.2,63.2
WV,Ritchie,20.3,77.1
WV,Roane,38.4,59.1
WV,Summers,34.2,63
WV,Taylor,32.8,65
WV,Tucker,28.1,69.3
WV,Tyler,27.1,70.6
WV,Upshur,26.2,71.7
WV,Wayne,35.3,62.3
WV,Webster,34.2,62.2
WV,Wetzel,37.8,59.4
WV,Wirt,31.1,65.7
WV,Wood,32.9,65.4
WV,Wyoming,21,76.7
